16-05-2021 17:24:42,0.6611581598954188,0.1,0.12666666666666668,0.6833333333333332,0.10833333333333334,0.10166666666666667,0.10833333333333334,0.10833333333333334,0.10833333333333334,0.10833333333333334,0,0,0,1.5533333333333337,0.25641,0.014675173437914616,0.003762861221215687
16-05-2021 17:25:08,0.6019914932287522,0.0,0.0,0.5833333333333333,0.006666666666666666,0.0,0.006666666666666666,0.006666666666666666,0.006666666666666666,0.006666666666666666,0,0,0,0.6166666666666668,0.25641,0.014675173437914616,0.003762861221215687
16-05-2021 17:25:34,0.6019914932287522,0.0,0.0,0.5833333333333333,0.006666666666666666,0.0,0.006666666666666666,0.006666666666666666,0.006666666666666666,0.006666666666666666,0,0,0,0.6166666666666668,0.25641,0.014675173437914616,0.003762861221215687
16-05-2021 17:25:59,0.6019914932287522,0.0,0.0,0.5833333333333333,0.006666666666666666,0.0,0.006666666666666666,0.006666666666666666,0.006666666666666666,0.006666666666666666,0,0,0,0.6166666666666668,0.25641,0.014675173437914616,0.003762861221215687
16-05-2021 17:26:26,0.9378248265620855,0.0,0.5333333333333333,0.5833333333333333,0.006666666666666666,0.0,0.006666666666666666,0.006666666666666666,0.006666666666666666,0.006666666666666666,0,0,0,1.1499999999999997,0.25641,0.014675173437914616,0.003762861221215687
16-05-2021 17:26:47,0.7019914932287522,0.0,0.1,0.5833333333333333,0.006666666666666666,0.0,0.006666666666666666,0.006666666666666666,0.006666666666666666,0.006666666666666666,0,0,0,0.7166666666666668,0.25641,0.014675173437914616,0.003762861221215687
16-05-2021 17:27:09,1.0686581598954183,0.0,0.7999999999999999,0.5833333333333333,0.006666666666666666,0.0,0.006666666666666666,0.006666666666666666,0.006666666666666666,0.006666666666666666,0,0,0,1.083333333333333,0.25641,0.014675173437914616,0.003762861221215687
16-05-2021 17:27:32,0.9519914932287522,0.0,0.35,0.5833333333333333,0.006666666666666666,0.0,0.006666666666666666,0.006666666666666666,0.006666666666666666,0.006666666666666666,0,0,0,0.9666666666666668,0.25641,0.014675173437914616,0.003762861221215687
16-05-2021 17:27:54,1.035324826562085,0.0,0.1,0.5833333333333333,0.006666666666666666,0.0,0.006666666666666666,0.006666666666666666,0.006666666666666666,0.006666666666666666,0,0,0,0.7166666666666668,0.25641,0.014675173437914616,0.003762861221215687
16-05-2021 17:28:16,1.0686581598954183,0.0,0.4666666666666667,0.5833333333333333,0.006666666666666666,0.0,0.006666666666666666,0.006666666666666666,0.006666666666666666,0.006666666666666666,0,0,0,1.4166666666666663,0.25641,0.014675173437914616,0.003762861221215687
16-05-2021 17:28:38,0.7019914932287522,0.0,0.1,0.5833333333333333,0.006666666666666666,0.0,0.006666666666666666,0.006666666666666666,0.006666666666666666,0.006666666666666666,0,0,0,0.7166666666666668,0.25641,0.014675173437914616,0.003762861221215687
16-05-2021 17:29:00,0.9519914932287522,0.0,0.6833333333333332,0.5833333333333333,0.006666666666666666,0.0,0.006666666666666666,0.006666666666666666,0.006666666666666666,0.006666666666666666,0,0,0,0.9666666666666668,0.25641,0.014675173437914616,0.003762861221215687
16-05-2021 17:29:22,1.0686581598954183,0.0,0.4666666666666667,0.5833333333333333,0.006666666666666666,0.0,0.006666666666666666,0.006666666666666666,0.006666666666666666,0.006666666666666666,0,0,0,1.083333333333333,0.25641,0.014675173437914616,0.003762861221215687
16-05-2021 17:29:44,1.035324826562085,0.0,0.1,0.5833333333333333,0.006666666666666666,0.0,0.006666666666666666,0.006666666666666666,0.006666666666666666,0.006666666666666666,0,0,0,0.7166666666666668,0.25641,0.014675173437914616,0.003762861221215687
16-05-2021 17:30:06,0.7027751468135119,0.0,0.1,0.5833333333333333,0.006666666666666666,0.0,0.006666666666666666,0.006666666666666666,0.006666666666666666,0.006666666666666666,0,0,0,1.0499999999999996,0.25641,0.013891519853154882,0.0035619246055474435
16-05-2021 17:30:28,1.3194418134801782,0.0,0.7166666666666667,0.5833333333333333,0.006666666666666666,0.0,0.006666666666666666,0.006666666666666666,0.006666666666666666,0.006666666666666666,0,0,0,1.333333333333333,0.25641,0.013891519853154882,0.0035619246055474435
16-05-2021 17:30:51,0.7027751468135119,0.0,0.43333333333333335,0.5833333333333333,0.006666666666666666,0.0,0.006666666666666666,0.006666666666666666,0.006666666666666666,0.006666666666666666,0,0,0,0.7166666666666668,0.25641,0.013891519853154882,0.0035619246055474435
16-05-2021 17:31:12,0.7166666666666668,0.0,0.1,0.5833333333333333,0.006666666666666666,0.0,0.006666666666666666,0.006666666666666666,0.006666666666666666,0.006666666666666666,0,0,0,0.7166666666666668,0.25641,0.0,0.0
16-05-2021 17:31:34,1.4166666666666663,0.0,0.4666666666666667,0.5833333333333333,0.006666666666666666,0.0,0.006666666666666666,0.006666666666666666,0.006666666666666666,0.006666666666666666,0,0,0,1.083333333333333,0.25641,0.0,0.0
16-05-2021 17:31:57,0.9666666666666668,0.0,0.35,0.5833333333333333,0.006666666666666666,0.0,0.006666666666666666,0.006666666666666666,0.006666666666666666,0.006666666666666666,0,0,0,1.2999999999999996,0.25641,0.0,0.0
16-05-2021 17:32:19,0.7166666666666668,0.0,0.1,0.5833333333333333,0.006666666666666666,0.0,0.006666666666666666,0.006666666666666666,0.006666666666666666,0.006666666666666666,0,0,0,0.7166666666666668,0.25641,0.0,0.0
16-05-2021 17:32:41,1.083333333333333,0.0,0.7999999999999999,0.5833333333333333,0.006666666666666666,0.0,0.006666666666666666,0.006666666666666666,0.006666666666666666,0.006666666666666666,0,0,0,1.083333333333333,0.25641,0.0,0.0
16-05-2021 17:33:04,0.7166666666666668,0.0,0.1,0.5833333333333333,0.006666666666666666,0.0,0.006666666666666666,0.006666666666666666,0.006666666666666666,0.006666666666666666,0,0,0,0.7166666666666668,0.25641,0.0,0.0
16-05-2021 17:33:27,1.2999999999999996,0.0,0.35,0.5833333333333333,0.006666666666666666,0.0,0.006666666666666666,0.006666666666666666,0.006666666666666666,0.006666666666666666,0,0,0,0.9666666666666668,0.25641,0.0,0.0
16-05-2021 17:33:50,1.083333333333333,0.0,0.4666666666666667,0.5833333333333333,0.006666666666666666,0.0,0.006666666666666666,0.006666666666666666,0.006666666666666666,0.006666666666666666,0,0,0,1.4166666666666663,0.25641,0.0,0.0
16-05-2021 17:34:12,0.7166666666666668,0.0,0.1,0.5833333333333333,0.006666666666666666,0.0,0.006666666666666666,0.006666666666666666,0.006666666666666666,0.006666666666666666,0,0,0,0.7166666666666668,0.25641,0.0,0.0
16-05-2021 17:34:35,0.7166666666666668,0.0,0.43333333333333335,0.5833333333333333,0.006666666666666666,0.0,0.006666666666666666,0.006666666666666666,0.006666666666666666,0.006666666666666666,0,0,0,0.7166666666666668,0.25641,0.0,0.0
16-05-2021 17:34:58,1.333333333333333,0.0,0.7166666666666667,0.5833333333333333,0.006666666666666666,0.0,0.006666666666666666,0.006666666666666666,0.006666666666666666,0.006666666666666666,0,0,0,1.333333333333333,0.25641,0.0,0.0
16-05-2021 17:35:24,0.9291666666666669,0.0,0.1,0.7999999999999999,0.008333333333333333,0.10166666666666667,0.10833333333333334,0.008333333333333333,0.008333333333333333,0.008333333333333333,0,0,0,1.1433333333333333,0.25641,0.0,0.0
16-05-2021 17:35:49,0.826666666666667,0.0,0.0,0.6833333333333332,0.10833333333333334,0.0016666666666666666,0.008333333333333333,0.008333333333333333,0.008333333333333333,0.008333333333333333,0,0,0,0.826666666666667,0.25641,0.0,0.0
16-05-2021 17:36:13,0.826666666666667,0.0,0.0,0.6833333333333332,0.008333333333333333,0.10166666666666667,0.008333333333333333,0.008333333333333333,0.008333333333333333,0.008333333333333333,0,0,0,0.826666666666667,0.25641,0.0,0.0
16-05-2021 17:36:39,0.826666666666667,0.0,0.0,0.6833333333333332,0.008333333333333333,0.0016666666666666666,0.10833333333333334,0.008333333333333333,0.008333333333333333,0.008333333333333333,0,0,0,0.826666666666667,0.25641,0.0,0.0
16-05-2021 17:37:04,1.026666666666667,0.0,0.0,0.6833333333333332,0.008333333333333333,0.0016666666666666666,0.008333333333333333,0.10833333333333334,0.10833333333333334,0.10833333333333334,0,0,0,1.026666666666667,0.25641,0.0,0.0
16-05-2021 17:37:33,1.026666666666667,0.0,0.0,0.6833333333333332,0.008333333333333333,0.0016666666666666666,0.008333333333333333,0.10833333333333334,0.10833333333333334,0.10833333333333334,0,0,0,1.026666666666667,0.25641,0.0,0.0
16-05-2021 17:37:58,1.026666666666667,0.0,0.0,0.6833333333333332,0.008333333333333333,0.0016666666666666666,0.008333333333333333,0.10833333333333334,0.10833333333333334,0.10833333333333334,0,0,0,1.026666666666667,0.25641,0.0,0.0
16-05-2021 17:38:25,0.6316666666666665,0.0,0.0,0.5833333333333333,0.20666666666666667,0.2,0.20666666666666667,0.20666666666666667,0.20666666666666667,0.20666666666666667,0,0,0,1.8166666666666664,0.25641,0.0,0.0
16-05-2021 17:38:46,0.6166666666666668,0.0,0.0,0.5833333333333333,0.006666666666666666,0.0,0.006666666666666666,0.006666666666666666,0.006666666666666666,0.006666666666666666,0,0,0,0.6166666666666668,0.25641,0.0,0.0
16-05-2021 17:39:07,0.6166666666666668,0.0,0.0,0.5833333333333333,0.006666666666666666,0.0,0.006666666666666666,0.006666666666666666,0.006666666666666666,0.006666666666666666,0,0,0,0.6166666666666668,0.25641,0.0,0.0
16-05-2021 17:39:28,0.6166666666666668,0.0,0.0,0.5833333333333333,0.006666666666666666,0.0,0.006666666666666666,0.006666666666666666,0.006666666666666666,0.006666666666666666,0,0,0,0.6166666666666668,0.25641,0.0,0.0
16-05-2021 17:39:49,0.6166666666666668,0.0,0.0,0.5833333333333333,0.006666666666666666,0.0,0.006666666666666666,0.006666666666666666,0.006666666666666666,0.006666666666666666,0,0,0,0.6166666666666668,0.25641,0.0,0.0
16-05-2021 17:40:10,0.6166666666666668,0.0,0.0,0.5833333333333333,0.006666666666666666,0.0,0.006666666666666666,0.006666666666666666,0.006666666666666666,0.006666666666666666,0,0,0,0.6166666666666668,0.25641,0.0,0.0
16-05-2021 17:40:31,0.6166666666666668,0.0,0.0,0.5833333333333333,0.006666666666666666,0.0,0.006666666666666666,0.006666666666666666,0.006666666666666666,0.006666666666666666,0,0,0,0.6166666666666668,0.25641,0.0,0.0
16-05-2021 17:40:53,0.6166666666666668,0.0,0.0,0.5833333333333333,0.006666666666666666,0.0,0.006666666666666666,0.006666666666666666,0.006666666666666666,0.006666666666666666,0,0,0,0.6166666666666668,0.25641,0.0,0.0
16-05-2021 17:41:14,0.6166666666666668,0.0,0.0,0.5833333333333333,0.006666666666666666,0.0,0.006666666666666666,0.006666666666666666,0.006666666666666666,0.006666666666666666,0,0,0,0.6166666666666668,0.25641,0.0,0.0
16-05-2021 17:41:35,0.6166666666666668,0.0,0.0,0.5833333333333333,0.006666666666666666,0.0,0.006666666666666666,0.006666666666666666,0.006666666666666666,0.006666666666666666,0,0,0,0.6166666666666668,0.25641,0.0,0.0
16-05-2021 17:41:57,0.6166666666666668,0.0,0.0,0.5833333333333333,0.006666666666666666,0.0,0.006666666666666666,0.006666666666666666,0.006666666666666666,0.006666666666666666,0,0,0,0.6166666666666668,0.25641,0.0,0.0
16-05-2021 17:42:18,0.6166666666666668,0.0,0.0,0.5833333333333333,0.006666666666666666,0.0,0.006666666666666666,0.006666666666666666,0.006666666666666666,0.006666666666666666,0,0,0,0.6166666666666668,0.25641,0.0,0.0
16-05-2021 17:42:39,0.6166666666666668,0.0,0.0,0.5833333333333333,0.006666666666666666,0.0,0.006666666666666666,0.006666666666666666,0.006666666666666666,0.006666666666666666,0,0,0,0.6166666666666668,0.25641,0.0,0.0
16-05-2021 17:42:59,0.6166666666666668,0.0,0.0,0.5833333333333333,0.006666666666666666,0.0,0.006666666666666666,0.006666666666666666,0.006666666666666666,0.006666666666666666,0,0,0,0.6166666666666668,0.25641,0.0,0.0
16-05-2021 17:43:20,0.6166666666666668,0.0,0.0,0.5833333333333333,0.006666666666666666,0.0,0.006666666666666666,0.006666666666666666,0.006666666666666666,0.006666666666666666,0,0,0,0.6166666666666668,0.25641,0.0,0.0
16-05-2021 17:43:42,0.6166666666666668,0.0,0.0,0.5833333333333333,0.006666666666666666,0.0,0.006666666666666666,0.006666666666666666,0.006666666666666666,0.006666666666666666,0,0,0,0.6166666666666668,0.25641,0.0,0.0
16-05-2021 17:44:03,0.6166666666666668,0.0,0.0,0.5833333333333333,0.006666666666666666,0.0,0.006666666666666666,0.006666666666666666,0.006666666666666666,0.006666666666666666,0,0,0,0.6166666666666668,0.25641,0.0,0.0
16-05-2021 17:44:24,0.6166666666666668,0.0,0.0,0.5833333333333333,0.006666666666666666,0.0,0.006666666666666666,0.006666666666666666,0.006666666666666666,0.006666666666666666,0,0,0,0.6166666666666668,0.25641,0.0,0.0
16-05-2021 17:44:45,0.6166666666666668,0.0,0.0,0.5833333333333333,0.006666666666666666,0.0,0.006666666666666666,0.006666666666666666,0.006666666666666666,0.006666666666666666,0,0,0,0.6166666666666668,0.25641,0.0,0.0
16-05-2021 17:45:06,0.6166666666666668,0.0,0.0,0.5833333333333333,0.006666666666666666,0.0,0.006666666666666666,0.006666666666666666,0.006666666666666666,0.006666666666666666,0,0,0,0.6166666666666668,0.25641,0.0,0.0
16-05-2021 17:45:27,0.6166666666666668,0.0,0.0,0.5833333333333333,0.006666666666666666,0.0,0.006666666666666666,0.006666666666666666,0.006666666666666666,0.006666666666666666,0,0,0,0.6166666666666668,0.25641,0.0,0.0
16-05-2021 17:45:48,0.6166666666666668,0.0,0.0,0.5833333333333333,0.006666666666666666,0.0,0.006666666666666666,0.006666666666666666,0.006666666666666666,0.006666666666666666,0,0,0,0.6166666666666668,0.25641,0.0,0.0
16-05-2021 17:46:09,0.6166666666666668,0.0,0.0,0.5833333333333333,0.006666666666666666,0.0,0.006666666666666666,0.006666666666666666,0.006666666666666666,0.006666666666666666,0,0,0,0.6166666666666668,0.25641,0.0,0.0
16-05-2021 17:46:32,0.6166666666666668,0.0,0.0,0.5833333333333333,0.006666666666666666,0.0,0.006666666666666666,0.006666666666666666,0.006666666666666666,0.006666666666666666,0,0,0,0.6166666666666668,0.25641,0.0,0.0
16-05-2021 17:46:55,0.6166666666666668,0.0,0.0,0.5833333333333333,0.006666666666666666,0.0,0.006666666666666666,0.006666666666666666,0.006666666666666666,0.006666666666666666,0,0,0,0.6166666666666668,0.25641,0.0,0.0
16-05-2021 17:47:19,0.6166666666666668,0.0,0.0,0.5833333333333333,0.006666666666666666,0.0,0.006666666666666666,0.006666666666666666,0.006666666666666666,0.006666666666666666,0,0,0,0.6166666666666668,0.25641,0.0,0.0
16-05-2021 17:47:44,0.6166666666666668,0.0,0.0,0.5833333333333333,0.006666666666666666,0.0,0.006666666666666666,0.006666666666666666,0.006666666666666666,0.006666666666666666,0,0,0,0.6166666666666668,0.25641,0.0,0.0
16-05-2021 17:48:09,0.6166666666666668,0.0,0.0,0.5833333333333333,0.006666666666666666,0.0,0.006666666666666666,0.006666666666666666,0.006666666666666666,0.006666666666666666,0,0,0,0.6166666666666668,0.25641,0.0,0.0
16-05-2021 17:48:36,0.6166666666666668,0.0,0.0,0.5833333333333333,0.006666666666666666,0.0,0.006666666666666666,0.006666666666666666,0.006666666666666666,0.006666666666666666,0,0,0,0.6166666666666668,0.25641,0.0,0.0
16-05-2021 17:49:01,0.6166666666666668,0.0,0.0,0.5833333333333333,0.006666666666666666,0.0,0.006666666666666666,0.006666666666666666,0.006666666666666666,0.006666666666666666,0,0,0,0.6166666666666668,0.25641,0.0,0.0
16-05-2021 17:49:26,0.6166666666666668,0.0,0.0,0.5833333333333333,0.006666666666666666,0.0,0.006666666666666666,0.006666666666666666,0.006666666666666666,0.006666666666666666,0,0,0,0.6166666666666668,0.25641,0.0,0.0
16-05-2021 17:49:48,0.6166666666666668,0.0,0.0,0.5833333333333333,0.006666666666666666,0.0,0.006666666666666666,0.006666666666666666,0.006666666666666666,0.006666666666666666,0,0,0,0.6166666666666668,0.25641,0.0,0.0
16-05-2021 17:50:12,0.6166666666666668,0.0,0.0,0.5833333333333333,0.006666666666666666,0.0,0.006666666666666666,0.006666666666666666,0.006666666666666666,0.006666666666666666,0,0,0,0.6166666666666668,0.25641,0.0,0.0
16-05-2021 17:50:37,0.6166666666666668,0.0,0.0,0.5833333333333333,0.006666666666666666,0.0,0.006666666666666666,0.006666666666666666,0.006666666666666666,0.006666666666666666,0,0,0,0.6166666666666668,0.25641,0.0,0.0
16-05-2021 17:51:00,0.6166666666666668,0.0,0.0,0.5833333333333333,0.006666666666666666,0.0,0.006666666666666666,0.006666666666666666,0.006666666666666666,0.006666666666666666,0,0,0,0.6166666666666668,0.25641,0.0,0.0
16-05-2021 17:51:23,0.6166666666666668,0.0,0.0,0.5833333333333333,0.006666666666666666,0.0,0.006666666666666666,0.006666666666666666,0.006666666666666666,0.006666666666666666,0,0,0,0.6166666666666668,0.25641,0.0,0.0
16-05-2021 17:51:49,0.6166666666666668,0.0,0.0,0.5833333333333333,0.006666666666666666,0.0,0.006666666666666666,0.006666666666666666,0.006666666666666666,0.006666666666666666,0,0,0,0.6166666666666668,0.25641,0.0,0.0
16-05-2021 17:52:12,0.6166666666666668,0.0,0.0,0.5833333333333333,0.006666666666666666,0.0,0.006666666666666666,0.006666666666666666,0.006666666666666666,0.006666666666666666,0,0,0,0.6166666666666668,0.25641,0.0,0.0
16-05-2021 17:52:35,0.6166666666666668,0.0,0.0,0.5833333333333333,0.006666666666666666,0.0,0.006666666666666666,0.006666666666666666,0.006666666666666666,0.006666666666666666,0,0,0,0.6166666666666668,0.25641,0.0,0.0
16-05-2021 17:52:56,0.6166666666666668,0.0,0.0,0.5833333333333333,0.006666666666666666,0.0,0.006666666666666666,0.006666666666666666,0.006666666666666666,0.006666666666666666,0,0,0,0.6166666666666668,0.25641,0.0,0.0
16-05-2021 17:53:17,0.6166666666666668,0.0,0.0,0.5833333333333333,0.006666666666666666,0.0,0.006666666666666666,0.006666666666666666,0.006666666666666666,0.006666666666666666,0,0,0,0.6166666666666668,0.25641,0.0,0.0
16-05-2021 17:53:39,0.6166666666666668,0.0,0.0,0.5833333333333333,0.006666666666666666,0.0,0.006666666666666666,0.006666666666666666,0.006666666666666666,0.006666666666666666,0,0,0,0.6166666666666668,0.25641,0.0,0.0
16-05-2021 17:54:00,0.6166666666666668,0.0,0.0,0.5833333333333333,0.006666666666666666,0.0,0.006666666666666666,0.006666666666666666,0.006666666666666666,0.006666666666666666,0,0,0,0.6166666666666668,0.25641,0.0,0.0
16-05-2021 17:54:20,0.6166666666666668,0.0,0.0,0.5833333333333333,0.006666666666666666,0.0,0.006666666666666666,0.006666666666666666,0.006666666666666666,0.006666666666666666,0,0,0,0.6166666666666668,0.25641,0.0,0.0
16-05-2021 17:54:41,0.6166666666666668,0.0,0.0,0.5833333333333333,0.006666666666666666,0.0,0.006666666666666666,0.006666666666666666,0.006666666666666666,0.006666666666666666,0,0,0,0.6166666666666668,0.25641,0.0,0.0
16-05-2021 17:55:02,0.6166666666666668,0.0,0.0,0.5833333333333333,0.006666666666666666,0.0,0.006666666666666666,0.006666666666666666,0.006666666666666666,0.006666666666666666,0,0,0,0.6166666666666668,0.25641,0.0,0.0
16-05-2021 17:55:23,0.6166666666666668,0.0,0.0,0.5833333333333333,0.006666666666666666,0.0,0.006666666666666666,0.006666666666666666,0.006666666666666666,0.006666666666666666,0,0,0,0.6166666666666668,0.25641,0.0,0.0
16-05-2021 17:55:44,0.6166666666666668,0.0,0.0,0.5833333333333333,0.006666666666666666,0.0,0.006666666666666666,0.006666666666666666,0.006666666666666666,0.006666666666666666,0,0,0,0.6166666666666668,0.25641,0.0,0.0
16-05-2021 17:56:05,0.6166666666666668,0.0,0.0,0.5833333333333333,0.006666666666666666,0.0,0.006666666666666666,0.006666666666666666,0.006666666666666666,0.006666666666666666,0,0,0,0.6166666666666668,0.25641,0.0,0.0
16-05-2021 17:56:26,0.6166666666666668,0.0,0.0,0.5833333333333333,0.006666666666666666,0.0,0.006666666666666666,0.006666666666666666,0.006666666666666666,0.006666666666666666,0,0,0,0.6166666666666668,0.25641,0.0,0.0
16-05-2021 17:56:47,0.6191666666666668,0.0,0.0,0.7999999999999999,0.006666666666666666,0.0,0.006666666666666666,0.006666666666666666,0.006666666666666666,0.006666666666666666,0,0,0,0.8333333333333335,0.25641,0.0,0.0
16-05-2021 17:57:08,0.7166666666666668,0.0,0.0,0.6833333333333332,0.006666666666666666,0.0,0.006666666666666666,0.006666666666666666,0.006666666666666666,0.006666666666666666,0,0,0,0.7166666666666668,0.25641,0.0,0.0
16-05-2021 17:57:29,1.0524999999999995,0.0,0.5333333333333333,0.6833333333333332,0.006666666666666666,0.0,0.006666666666666666,0.006666666666666666,0.006666666666666666,0.006666666666666666,0,0,0,1.2499999999999998,0.25641,0.0,0.0
16-05-2021 17:57:50,0.8166666666666668,0.0,0.1,0.6833333333333332,0.006666666666666666,0.0,0.006666666666666666,0.006666666666666666,0.006666666666666666,0.006666666666666666,0,0,0,0.8166666666666668,0.25641,0.0,0.0
16-05-2021 17:58:10,1.1833333333333331,0.0,0.7999999999999999,0.6833333333333332,0.006666666666666666,0.0,0.006666666666666666,0.006666666666666666,0.006666666666666666,0.006666666666666666,0,0,0,1.1833333333333331,0.25641,0.0,0.0
16-05-2021 17:58:31,1.2666666666666662,0.0,0.35,0.6833333333333332,0.20666666666666667,0.0,0.006666666666666666,0.006666666666666666,0.006666666666666666,0.006666666666666666,0,0,0,1.2666666666666662,0.25641,0.0,0.0
16-05-2021 17:58:51,1.3499999999999996,0.0,0.1,0.6833333333333332,0.006666666666666666,0.2,0.006666666666666666,0.006666666666666666,0.006666666666666666,0.006666666666666666,0,0,0,1.0166666666666666,0.25641,0.0,0.0
16-05-2021 17:59:11,1.1833333333333331,0.0,0.4666666666666667,0.6833333333333332,0.006666666666666666,0.0,0.006666666666666666,0.006666666666666666,0.006666666666666666,0.006666666666666666,0,0,0,1.5166666666666664,0.25641,0.0,0.0
16-05-2021 17:59:31,1.0266666666666666,0.0,0.1,0.6833333333333332,0.008333333333333333,0.0016666666666666666,0.20833333333333334,0.008333333333333333,0.008333333333333333,0.008333333333333333,0,0,0,1.0266666666666666,0.25641,0.0,0.0
16-05-2021 17:59:52,1.5666666666666664,0.0,0.6833333333333332,0.5833333333333333,0.006666666666666666,0.0,0.006666666666666666,0.20666666666666667,0.20666666666666667,0.20666666666666667,0,0,0,1.5666666666666664,0.25641,0.0,0.0
16-05-2021 18:00:14,1.083333333333333,0.0,0.4666666666666667,0.5833333333333333,0.006666666666666666,0.0,0.006666666666666666,0.006666666666666666,0.006666666666666666,0.006666666666666666,0,0,0,1.083333333333333,0.25641,0.0,0.0
16-05-2021 18:00:36,1.6499999999999995,0.0,0.1,0.5833333333333333,0.006666666666666666,0.0,0.006666666666666666,0.20666666666666667,0.20666666666666667,0.20666666666666667,0,0,0,1.3166666666666667,0.25641,0.0,0.0
16-05-2021 18:00:59,1.3166666666666667,0.0,0.1,0.5833333333333333,0.006666666666666666,0.0,0.006666666666666666,0.20666666666666667,0.20666666666666667,0.20666666666666667,0,0,0,1.3166666666666667,0.25641,0.0,0.0
16-05-2021 18:01:21,0.6166666666666668,0.0,0.0,0.5833333333333333,0.006666666666666666,0.0,0.006666666666666666,0.006666666666666666,0.006666666666666666,0.006666666666666666,0,0,0,0.6166666666666668,0.25641,0.0,0.0
16-05-2021 18:01:43,0.6166666666666668,0.0,0.0,0.5833333333333333,0.006666666666666666,0.0,0.006666666666666666,0.006666666666666666,0.006666666666666666,0.006666666666666666,0,0,0,0.6166666666666668,0.25641,0.0,0.0
16-05-2021 18:02:04,0.6166666666666668,0.0,0.0,0.5833333333333333,0.006666666666666666,0.0,0.006666666666666666,0.006666666666666666,0.006666666666666666,0.006666666666666666,0,0,0,0.6166666666666668,0.25641,0.0,0.0
16-05-2021 18:02:24,0.6166666666666668,0.0,0.0,0.5833333333333333,0.006666666666666666,0.0,0.006666666666666666,0.006666666666666666,0.006666666666666666,0.006666666666666666,0,0,0,0.6166666666666668,0.25641,0.0,0.0
16-05-2021 18:02:46,0.6166666666666668,0.0,0.0,0.5833333333333333,0.006666666666666666,0.0,0.006666666666666666,0.006666666666666666,0.006666666666666666,0.006666666666666666,0,0,0,0.6166666666666668,0.25641,0.0,0.0
16-05-2021 18:03:07,0.6166666666666668,0.0,0.0,0.5833333333333333,0.006666666666666666,0.0,0.006666666666666666,0.006666666666666666,0.006666666666666666,0.006666666666666666,0,0,0,0.6166666666666668,0.25641,0.0,0.0
16-05-2021 18:03:28,0.6166666666666668,0.0,0.0,0.5833333333333333,0.006666666666666666,0.0,0.006666666666666666,0.006666666666666666,0.006666666666666666,0.006666666666666666,0,0,0,0.6166666666666668,0.25641,0.0,0.0
16-05-2021 18:03:49,0.6166666666666668,0.0,0.0,0.5833333333333333,0.006666666666666666,0.0,0.006666666666666666,0.006666666666666666,0.006666666666666666,0.006666666666666666,0,0,0,0.6166666666666668,0.25641,0.0,0.0
16-05-2021 18:04:10,0.6166666666666668,0.0,0.0,0.5833333333333333,0.006666666666666666,0.0,0.006666666666666666,0.006666666666666666,0.006666666666666666,0.006666666666666666,0,0,0,0.6166666666666668,0.25641,0.0,0.0
16-05-2021 18:04:32,0.6166666666666668,0.0,0.0,0.5833333333333333,0.006666666666666666,0.0,0.006666666666666666,0.006666666666666666,0.006666666666666666,0.006666666666666666,0,0,0,0.6166666666666668,0.25641,0.0,0.0
16-05-2021 18:04:52,0.6166666666666668,0.0,0.0,0.5833333333333333,0.006666666666666666,0.0,0.006666666666666666,0.006666666666666666,0.006666666666666666,0.006666666666666666,0,0,0,0.6166666666666668,0.25641,0.0,0.0
16-05-2021 18:05:14,0.6166666666666668,0.0,0.0,0.5833333333333333,0.006666666666666666,0.0,0.006666666666666666,0.006666666666666666,0.006666666666666666,0.006666666666666666,0,0,0,0.6166666666666668,0.25641,0.0,0.0
16-05-2021 18:05:39,1.226666666666667,0.0,0.0,0.5833333333333333,0.10833333333333334,0.10166666666666667,0.10833333333333334,0.10833333333333334,0.10833333333333334,0.10833333333333334,0,0,0,1.226666666666667,0.25641,0.0,0.0
16-05-2021 18:06:05,0.6166666666666668,0.0,0.0,0.5833333333333333,0.006666666666666666,0.0,0.006666666666666666,0.006666666666666666,0.006666666666666666,0.006666666666666666,0,0,0,0.6166666666666668,0.25641,0.0,0.0
16-05-2021 18:06:31,0.9525000000000001,0.0,0.5333333333333333,0.5833333333333333,0.006666666666666666,0.0,0.006666666666666666,0.006666666666666666,0.006666666666666666,0.006666666666666666,0,0,0,1.1499999999999997,0.25641,0.0,0.0
16-05-2021 18:06:55,1.333333333333333,0.0,0.7166666666666667,0.5833333333333333,0.006666666666666666,0.0,0.006666666666666666,0.006666666666666666,0.006666666666666666,0.006666666666666666,0,0,0,1.333333333333333,0.25641,0.0,0.0
16-05-2021 18:07:22,0.926666666666667,0.0,0.43333333333333335,0.5833333333333333,0.10833333333333334,0.10166666666666667,0.008333333333333333,0.008333333333333333,0.008333333333333333,0.008333333333333333,0,0,0,0.926666666666667,0.25641,0.0,0.0
16-05-2021 18:07:47,1.126666666666667,0.0,0.1,0.5833333333333333,0.008333333333333333,0.0016666666666666666,0.10833333333333334,0.10833333333333334,0.10833333333333334,0.10833333333333334,0,0,0,1.126666666666667,0.25641,0.0,0.0
16-05-2021 18:08:11,1.4166666666666663,0.0,0.4666666666666667,0.5833333333333333,0.006666666666666666,0.0,0.006666666666666666,0.006666666666666666,0.006666666666666666,0.006666666666666666,0,0,0,1.083333333333333,0.25641,0.0,0.0
16-05-2021 18:08:36,0.9666666666666668,0.0,0.35,0.5833333333333333,0.006666666666666666,0.0,0.006666666666666666,0.006666666666666666,0.006666666666666666,0.006666666666666666,0,0,0,1.2999999999999996,0.25641,0.0,0.0
16-05-2021 18:09:02,1.026666666666667,0.0,0.1,0.5833333333333333,0.008333333333333333,0.0016666666666666666,0.008333333333333333,0.10833333333333334,0.10833333333333334,0.10833333333333334,0,0,0,1.026666666666667,0.25641,0.0,0.0
16-05-2021 18:09:27,0.6166666666666668,0.0,0.0,0.5833333333333333,0.006666666666666666,0.0,0.006666666666666666,0.006666666666666666,0.006666666666666666,0.006666666666666666,0,0,0,0.6166666666666668,0.25641,0.0,0.0
16-05-2021 18:09:53,0.6191666666666668,0.0,0.0,0.7999999999999999,0.006666666666666666,0.0,0.006666666666666666,0.006666666666666666,0.006666666666666666,0.006666666666666666,0,0,0,0.8333333333333335,0.25641,0.0,0.0
16-05-2021 18:10:18,0.826666666666667,0.0,0.0,0.6833333333333332,0.10833333333333334,0.0016666666666666666,0.008333333333333333,0.008333333333333333,0.008333333333333333,0.008333333333333333,0,0,0,0.826666666666667,0.25641,0.0,0.0
16-05-2021 18:10:43,0.7166666666666668,0.0,0.0,0.6833333333333332,0.006666666666666666,0.0,0.006666666666666666,0.006666666666666666,0.006666666666666666,0.006666666666666666,0,0,0,0.7166666666666668,0.25641,0.0,0.0
16-05-2021 18:11:07,0.826666666666667,0.0,0.0,0.6833333333333332,0.008333333333333333,0.10166666666666667,0.008333333333333333,0.008333333333333333,0.008333333333333333,0.008333333333333333,0,0,0,0.826666666666667,0.25641,0.0,0.0
16-05-2021 18:11:33,0.6166666666666668,0.0,0.0,0.5833333333333333,0.006666666666666666,0.0,0.006666666666666666,0.006666666666666666,0.006666666666666666,0.006666666666666666,0,0,0,0.6166666666666668,0.25641,0.0,0.0
16-05-2021 18:11:59,0.6166666666666668,0.0,0.0,0.5833333333333333,0.006666666666666666,0.0,0.006666666666666666,0.006666666666666666,0.006666666666666666,0.006666666666666666,0,0,0,0.6166666666666668,0.25641,0.0,0.0
16-05-2021 18:12:25,0.6166666666666668,0.0,0.0,0.5833333333333333,0.006666666666666666,0.0,0.006666666666666666,0.006666666666666666,0.006666666666666666,0.006666666666666666,0,0,0,0.6166666666666668,0.25641,0.0,0.0
16-05-2021 18:12:51,0.6191666666666668,0.0,0.0,0.7999999999999999,0.006666666666666666,0.0,0.006666666666666666,0.006666666666666666,0.006666666666666666,0.006666666666666666,0,0,0,0.8333333333333335,0.25641,0.0,0.0
16-05-2021 18:13:16,0.826666666666667,0.0,0.0,0.6833333333333332,0.008333333333333333,0.0016666666666666666,0.10833333333333334,0.008333333333333333,0.008333333333333333,0.008333333333333333,0,0,0,0.826666666666667,0.25641,0.0,0.0
16-05-2021 18:13:41,1.026666666666667,0.0,0.0,0.6833333333333332,0.008333333333333333,0.0016666666666666666,0.008333333333333333,0.10833333333333334,0.10833333333333334,0.10833333333333334,0,0,0,1.026666666666667,0.25641,0.0,0.0
16-05-2021 18:14:07,0.6166666666666668,0.0,0.0,0.5833333333333333,0.006666666666666666,0.0,0.006666666666666666,0.006666666666666666,0.006666666666666666,0.006666666666666666,0,0,0,0.6166666666666668,0.25641,0.0,0.0
16-05-2021 18:14:33,0.6166666666666668,0.0,0.0,0.5833333333333333,0.006666666666666666,0.0,0.006666666666666666,0.006666666666666666,0.006666666666666666,0.006666666666666666,0,0,0,0.6166666666666668,0.25641,0.0,0.0
16-05-2021 18:14:58,0.6166666666666668,0.0,0.0,0.5833333333333333,0.006666666666666666,0.0,0.006666666666666666,0.006666666666666666,0.006666666666666666,0.006666666666666666,0,0,0,0.6166666666666668,0.25641,0.0,0.0
16-05-2021 18:15:24,0.6166666666666668,0.0,0.0,0.5833333333333333,0.006666666666666666,0.0,0.006666666666666666,0.006666666666666666,0.006666666666666666,0.006666666666666666,0,0,0,0.6166666666666668,0.25641,0.0,0.0
16-05-2021 18:15:50,0.6166666666666668,0.0,0.0,0.5833333333333333,0.006666666666666666,0.0,0.006666666666666666,0.006666666666666666,0.006666666666666666,0.006666666666666666,0,0,0,0.6166666666666668,0.25641,0.0,0.0
16-05-2021 18:16:23,0.6166666666666668,0.0,0.0,0.5833333333333333,0.006666666666666666,0.0,0.006666666666666666,0.006666666666666666,0.006666666666666666,0.006666666666666666,0,0,0,0.6166666666666668,0.25641,0.0,0.0
16-05-2021 18:16:48,0.6166666666666668,0.0,0.0,0.5833333333333333,0.006666666666666666,0.0,0.006666666666666666,0.006666666666666666,0.006666666666666666,0.006666666666666666,0,0,0,0.6166666666666668,0.25641,0.0,0.0
16-05-2021 18:17:14,0.6166666666666668,0.0,0.0,0.5833333333333333,0.006666666666666666,0.0,0.006666666666666666,0.006666666666666666,0.006666666666666666,0.006666666666666666,0,0,0,0.6166666666666668,0.25641,0.0,0.0
16-05-2021 18:17:40,0.6166666666666668,0.0,0.0,0.5833333333333333,0.006666666666666666,0.0,0.006666666666666666,0.006666666666666666,0.006666666666666666,0.006666666666666666,0,0,0,0.6166666666666668,0.25641,0.0,0.0
16-05-2021 18:18:07,0.9525000000000001,0.0,0.5333333333333333,0.5833333333333333,0.006666666666666666,0.0,0.006666666666666666,0.006666666666666666,0.006666666666666666,0.006666666666666666,0,0,0,1.1499999999999997,0.25641,0.0,0.0
16-05-2021 18:18:29,1.083333333333333,0.0,0.4666666666666667,0.5833333333333333,0.006666666666666666,0.0,0.006666666666666666,0.006666666666666666,0.006666666666666666,0.006666666666666666,0,0,0,1.083333333333333,0.25641,0.0,0.0
16-05-2021 18:18:51,0.7166666666666668,0.0,0.43333333333333335,0.5833333333333333,0.006666666666666666,0.0,0.006666666666666666,0.006666666666666666,0.006666666666666666,0.006666666666666666,0,0,0,0.7166666666666668,0.25641,0.0,0.0
16-05-2021 18:19:13,0.9666666666666668,0.0,0.35,0.5833333333333333,0.006666666666666666,0.0,0.006666666666666666,0.006666666666666666,0.006666666666666666,0.006666666666666666,0,0,0,0.9666666666666668,0.25641,0.0,0.0
17-05-2021 03:08:05,0.9258333333333333,0.1,0.3766666666666667,0.6833333333333332,0.10833333333333334,0.10166666666666667,0.10833333333333334,0.10833333333333334,0.10833333333333334,0.10833333333333334,0,0,0,1.803333333333334,0.25641,0.0,0.0
17-05-2021 03:08:32,0.8666666666666668,0.0,0.25,0.5833333333333333,0.006666666666666666,0.0,0.006666666666666666,0.006666666666666666,0.006666666666666666,0.006666666666666666,0,0,0,0.8666666666666668,0.25641,0.0,0.0
17-05-2021 03:08:58,0.8666666666666668,0.0,0.25,0.5833333333333333,0.006666666666666666,0.0,0.006666666666666666,0.006666666666666666,0.006666666666666666,0.006666666666666666,0,0,0,0.8666666666666668,0.25641,0.0,0.0
17-05-2021 03:09:24,0.8666666666666668,0.0,0.25,0.5833333333333333,0.006666666666666666,0.0,0.006666666666666666,0.006666666666666666,0.006666666666666666,0.006666666666666666,0,0,0,0.8666666666666668,0.25641,0.0,0.0
17-05-2021 03:09:52,0.8666666666666668,0.0,0.25,0.5833333333333333,0.006666666666666666,0.0,0.006666666666666666,0.006666666666666666,0.006666666666666666,0.006666666666666666,0,0,0,0.8666666666666668,0.25641,0.0,0.0
17-05-2021 03:10:18,0.8666666666666668,0.0,0.25,0.5833333333333333,0.006666666666666666,0.0,0.006666666666666666,0.006666666666666666,0.006666666666666666,0.006666666666666666,0,0,0,0.8666666666666668,0.25641,0.0,0.0
17-05-2021 03:10:44,0.8666666666666668,0.0,0.25,0.5833333333333333,0.006666666666666666,0.0,0.006666666666666666,0.006666666666666666,0.006666666666666666,0.006666666666666666,0,0,0,0.8666666666666668,0.25641,0.0,0.0
17-05-2021 03:11:11,0.8666666666666668,0.0,0.25,0.5833333333333333,0.006666666666666666,0.0,0.006666666666666666,0.006666666666666666,0.006666666666666666,0.006666666666666666,0,0,0,0.8666666666666668,0.25641,0.0,0.0
17-05-2021 03:11:49,0.9258333333333333,0.1,0.3766666666666667,0.6833333333333332,0.10833333333333334,0.10166666666666667,0.10833333333333334,0.10833333333333334,0.10833333333333334,0.10833333333333334,0,0,0,1.803333333333334,0.25641,0.0,0.0
17-05-2021 03:12:15,0.8666666666666668,0.0,0.25,0.5833333333333333,0.006666666666666666,0.0,0.006666666666666666,0.006666666666666666,0.006666666666666666,0.006666666666666666,0,0,0,0.8666666666666668,0.25641,0.0,0.0
17-05-2021 03:12:41,0.8666666666666668,0.0,0.25,0.5833333333333333,0.006666666666666666,0.0,0.006666666666666666,0.006666666666666666,0.006666666666666666,0.006666666666666666,0,0,0,0.8666666666666668,0.25641,0.0,0.0
17-05-2021 03:13:34,0.9258333333333333,0.1,0.3766666666666667,0.6833333333333332,0.10833333333333334,0.10166666666666667,0.10833333333333334,0.10833333333333334,0.10833333333333334,0.10833333333333334,0,0,0,1.803333333333334,0.25641,0.0,0.0
17-05-2021 03:14:01,0.8666666666666668,0.0,0.25,0.5833333333333333,0.006666666666666666,0.0,0.006666666666666666,0.006666666666666666,0.006666666666666666,0.006666666666666666,0,0,0,0.8666666666666668,0.25641,0.0,0.0
17-05-2021 03:14:26,0.8666666666666668,0.0,0.25,0.5833333333333333,0.006666666666666666,0.0,0.006666666666666666,0.006666666666666666,0.006666666666666666,0.006666666666666666,0,0,0,0.8666666666666668,0.25641,0.0,0.0
17-05-2021 03:14:52,0.8666666666666668,0.0,0.25,0.5833333333333333,0.006666666666666666,0.0,0.006666666666666666,0.006666666666666666,0.006666666666666666,0.006666666666666666,0,0,0,0.8666666666666668,0.25641,0.0,0.0
17-05-2021 03:15:18,0.8666666666666668,0.0,0.25,0.5833333333333333,0.006666666666666666,0.0,0.006666666666666666,0.006666666666666666,0.006666666666666666,0.006666666666666666,0,0,0,0.8666666666666668,0.25641,0.0,0.0
17-05-2021 03:15:44,0.8666666666666668,0.0,0.25,0.5833333333333333,0.006666666666666666,0.0,0.006666666666666666,0.006666666666666666,0.006666666666666666,0.006666666666666666,0,0,0,0.8666666666666668,0.25641,0.0,0.0
17-05-2021 03:16:11,0.8666666666666668,0.0,0.25,0.5833333333333333,0.006666666666666666,0.0,0.006666666666666666,0.006666666666666666,0.006666666666666666,0.006666666666666666,0,0,0,0.8666666666666668,0.25641,0.0,0.0
17-05-2021 03:16:37,0.8666666666666668,0.0,0.25,0.5833333333333333,0.006666666666666666,0.0,0.006666666666666666,0.006666666666666666,0.006666666666666666,0.006666666666666666,0,0,0,0.8666666666666668,0.25641,0.0,0.0
17-05-2021 03:17:03,0.8666666666666668,0.0,0.25,0.5833333333333333,0.006666666666666666,0.0,0.006666666666666666,0.006666666666666666,0.006666666666666666,0.006666666666666666,0,0,0,0.8666666666666668,0.25641,0.0,0.0
17-05-2021 03:17:30,0.8666666666666668,0.0,0.25,0.5833333333333333,0.006666666666666666,0.0,0.006666666666666666,0.006666666666666666,0.006666666666666666,0.006666666666666666,0,0,0,0.8666666666666668,0.25641,0.0,0.0
17-05-2021 03:17:56,0.8666666666666668,0.0,0.25,0.5833333333333333,0.006666666666666666,0.0,0.006666666666666666,0.006666666666666666,0.006666666666666666,0.006666666666666666,0,0,0,0.8666666666666668,0.25641,0.0,0.0
17-05-2021 03:18:22,0.8666666666666668,0.0,0.25,0.5833333333333333,0.006666666666666666,0.0,0.006666666666666666,0.006666666666666666,0.006666666666666666,0.006666666666666666,0,0,0,0.8666666666666668,0.25641,0.0,0.0
17-05-2021 03:18:48,0.8666666666666668,0.0,0.25,0.5833333333333333,0.006666666666666666,0.0,0.006666666666666666,0.006666666666666666,0.006666666666666666,0.006666666666666666,0,0,0,0.8666666666666668,0.25641,0.0,0.0
17-05-2021 03:19:14,0.8666666666666668,0.0,0.25,0.5833333333333333,0.006666666666666666,0.0,0.006666666666666666,0.006666666666666666,0.006666666666666666,0.006666666666666666,0,0,0,0.8666666666666668,0.25641,0.0,0.0
17-05-2021 03:19:40,0.8666666666666668,0.0,0.25,0.5833333333333333,0.006666666666666666,0.0,0.006666666666666666,0.006666666666666666,0.006666666666666666,0.006666666666666666,0,0,0,0.8666666666666668,0.25641,0.0,0.0
17-05-2021 03:20:06,0.8666666666666668,0.0,0.25,0.5833333333333333,0.006666666666666666,0.0,0.006666666666666666,0.006666666666666666,0.006666666666666666,0.006666666666666666,0,0,0,0.8666666666666668,0.25641,0.0,0.0
17-05-2021 03:20:33,0.8666666666666668,0.0,0.25,0.5833333333333333,0.006666666666666666,0.0,0.006666666666666666,0.006666666666666666,0.006666666666666666,0.006666666666666666,0,0,0,0.8666666666666668,0.25641,0.0,0.0
17-05-2021 03:20:59,0.8666666666666668,0.0,0.25,0.5833333333333333,0.006666666666666666,0.0,0.006666666666666666,0.006666666666666666,0.006666666666666666,0.006666666666666666,0,0,0,0.8666666666666668,0.25641,0.0,0.0
17-05-2021 03:21:25,0.8666666666666668,0.0,0.25,0.5833333333333333,0.006666666666666666,0.0,0.006666666666666666,0.006666666666666666,0.006666666666666666,0.006666666666666666,0,0,0,0.8666666666666668,0.25641,0.0,0.0
17-05-2021 03:21:51,0.8666666666666668,0.0,0.25,0.5833333333333333,0.006666666666666666,0.0,0.006666666666666666,0.006666666666666666,0.006666666666666666,0.006666666666666666,0,0,0,0.8666666666666668,0.25641,0.0,0.0
17-05-2021 03:22:17,0.8666666666666668,0.0,0.25,0.5833333333333333,0.006666666666666666,0.0,0.006666666666666666,0.006666666666666666,0.006666666666666666,0.006666666666666666,0,0,0,0.8666666666666668,0.25641,0.0,0.0
17-05-2021 03:22:43,0.8666666666666668,0.0,0.25,0.5833333333333333,0.006666666666666666,0.0,0.006666666666666666,0.006666666666666666,0.006666666666666666,0.006666666666666666,0,0,0,0.8666666666666668,0.25641,0.0,0.0
17-05-2021 03:23:09,0.8666666666666668,0.0,0.25,0.5833333333333333,0.006666666666666666,0.0,0.006666666666666666,0.006666666666666666,0.006666666666666666,0.006666666666666666,0,0,0,0.8666666666666668,0.25641,0.0,0.0
17-05-2021 03:23:35,0.8666666666666668,0.0,0.25,0.5833333333333333,0.006666666666666666,0.0,0.006666666666666666,0.006666666666666666,0.006666666666666666,0.006666666666666666,0,0,0,0.8666666666666668,0.25641,0.0,0.0
17-05-2021 03:24:01,0.8666666666666668,0.0,0.25,0.5833333333333333,0.006666666666666666,0.0,0.006666666666666666,0.006666666666666666,0.006666666666666666,0.006666666666666666,0,0,0,0.8666666666666668,0.25641,0.0,0.0
17-05-2021 03:24:26,0.8666666666666668,0.0,0.25,0.5833333333333333,0.006666666666666666,0.0,0.006666666666666666,0.006666666666666666,0.006666666666666666,0.006666666666666666,0,0,0,0.8666666666666668,0.25641,0.0,0.0
17-05-2021 03:24:53,0.8691666666666668,0.0,0.25,0.7999999999999999,0.006666666666666666,0.0,0.006666666666666666,0.006666666666666666,0.006666666666666666,0.006666666666666666,0,0,0,1.0833333333333328,0.25641,0.0,0.0
17-05-2021 03:25:18,0.9666666666666668,0.0,0.25,0.6833333333333332,0.006666666666666666,0.0,0.006666666666666666,0.006666666666666666,0.006666666666666666,0.006666666666666666,0,0,0,0.9666666666666668,0.25641,0.0,0.0
17-05-2021 03:25:55,0.9258333333333333,0.1,0.3766666666666667,0.6833333333333332,0.10833333333333334,0.10166666666666667,0.10833333333333334,0.10833333333333334,0.10833333333333334,0.10833333333333334,0,0,0,1.803333333333334,0.25641,0.0,0.0
17-05-2021 03:26:21,0.8666666666666668,0.0,0.25,0.5833333333333333,0.006666666666666666,0.0,0.006666666666666666,0.006666666666666666,0.006666666666666666,0.006666666666666666,0,0,0,0.8666666666666668,0.25641,0.0,0.0
17-05-2021 03:26:58,0.9258333333333333,0.1,0.3766666666666667,0.6833333333333332,0.10833333333333334,0.10166666666666667,0.10833333333333334,0.10833333333333334,0.10833333333333334,0.10833333333333334,0,0,0,1.803333333333334,0.25641,0.0,0.0
17-05-2021 03:27:24,0.8666666666666668,0.0,0.25,0.5833333333333333,0.006666666666666666,0.0,0.006666666666666666,0.006666666666666666,0.006666666666666666,0.006666666666666666,0,0,0,0.8666666666666668,0.25641,0.0,0.0
17-05-2021 03:27:50,0.8666666666666668,0.0,0.25,0.5833333333333333,0.006666666666666666,0.0,0.006666666666666666,0.006666666666666666,0.006666666666666666,0.006666666666666666,0,0,0,0.8666666666666668,0.25641,0.0,0.0
17-05-2021 03:28:15,0.8666666666666668,0.0,0.25,0.5833333333333333,0.006666666666666666,0.0,0.006666666666666666,0.006666666666666666,0.006666666666666666,0.006666666666666666,0,0,0,0.8666666666666668,0.25641,0.0,0.0
17-05-2021 03:28:43,0.8666666666666668,0.0,0.25,0.5833333333333333,0.006666666666666666,0.0,0.006666666666666666,0.006666666666666666,0.006666666666666666,0.006666666666666666,0,0,0,0.8666666666666668,0.25641,0.0,0.0
17-05-2021 03:29:09,0.8666666666666668,0.0,0.25,0.5833333333333333,0.006666666666666666,0.0,0.006666666666666666,0.006666666666666666,0.006666666666666666,0.006666666666666666,0,0,0,0.8666666666666668,0.25641,0.0,0.0
17-05-2021 03:29:36,0.8666666666666668,0.0,0.25,0.5833333333333333,0.006666666666666666,0.0,0.006666666666666666,0.006666666666666666,0.006666666666666666,0.006666666666666666,0,0,0,0.8666666666666668,0.25641,0.0,0.0
17-05-2021 03:30:02,0.8666666666666668,0.0,0.25,0.5833333333333333,0.006666666666666666,0.0,0.006666666666666666,0.006666666666666666,0.006666666666666666,0.006666666666666666,0,0,0,0.8666666666666668,0.25641,0.0,0.0
17-05-2021 03:30:28,0.8666666666666668,0.0,0.25,0.5833333333333333,0.006666666666666666,0.0,0.006666666666666666,0.006666666666666666,0.006666666666666666,0.006666666666666666,0,0,0,0.8666666666666668,0.25641,0.0,0.0
17-05-2021 03:30:54,0.8666666666666668,0.0,0.25,0.5833333333333333,0.006666666666666666,0.0,0.006666666666666666,0.006666666666666666,0.006666666666666666,0.006666666666666666,0,0,0,0.8666666666666668,0.25641,0.0,0.0
17-05-2021 03:31:20,0.8666666666666668,0.0,0.25,0.5833333333333333,0.006666666666666666,0.0,0.006666666666666666,0.006666666666666666,0.006666666666666666,0.006666666666666666,0,0,0,0.8666666666666668,0.25641,0.0,0.0
17-05-2021 03:31:46,0.8666666666666668,0.0,0.25,0.5833333333333333,0.006666666666666666,0.0,0.006666666666666666,0.006666666666666666,0.006666666666666666,0.006666666666666666,0,0,0,0.8666666666666668,0.25641,0.0,0.0
17-05-2021 03:32:12,0.8666666666666668,0.0,0.25,0.5833333333333333,0.006666666666666666,0.0,0.006666666666666666,0.006666666666666666,0.006666666666666666,0.006666666666666666,0,0,0,0.8666666666666668,0.25641,0.0,0.0
17-05-2021 03:32:37,0.8666666666666668,0.0,0.25,0.5833333333333333,0.006666666666666666,0.0,0.006666666666666666,0.006666666666666666,0.006666666666666666,0.006666666666666666,0,0,0,0.8666666666666668,0.25641,0.0,0.0
17-05-2021 03:33:04,0.8666666666666668,0.0,0.25,0.5833333333333333,0.006666666666666666,0.0,0.006666666666666666,0.006666666666666666,0.006666666666666666,0.006666666666666666,0,0,0,0.8666666666666668,0.25641,0.0,0.0
17-05-2021 03:33:31,0.8666666666666668,0.0,0.25,0.5833333333333333,0.006666666666666666,0.0,0.006666666666666666,0.006666666666666666,0.006666666666666666,0.006666666666666666,0,0,0,0.8666666666666668,0.25641,0.0,0.0
17-05-2021 03:42:19,0.9258333333333333,0.1,0.3766666666666667,0.6833333333333332,0.10833333333333334,0.10166666666666667,0.10833333333333334,0.10833333333333334,0.10833333333333334,0.10833333333333334,0,0,0,1.803333333333334,0.25641,0.0,0.0
17-05-2021 03:42:44,0.8666666666666668,0.0,0.25,0.5833333333333333,0.006666666666666666,0.0,0.006666666666666666,0.006666666666666666,0.006666666666666666,0.006666666666666666,0,0,0,0.8666666666666668,0.25641,0.0,0.0
17-05-2021 03:43:10,0.8666666666666668,0.0,0.25,0.5833333333333333,0.006666666666666666,0.0,0.006666666666666666,0.006666666666666666,0.006666666666666666,0.006666666666666666,0,0,0,0.8666666666666668,0.25641,0.0,0.0
17-05-2021 03:43:36,0.8666666666666668,0.0,0.25,0.5833333333333333,0.006666666666666666,0.0,0.006666666666666666,0.006666666666666666,0.006666666666666666,0.006666666666666666,0,0,0,0.8666666666666668,0.25641,0.0,0.0
17-05-2021 03:44:02,0.8666666666666668,0.0,0.25,0.5833333333333333,0.006666666666666666,0.0,0.006666666666666666,0.006666666666666666,0.006666666666666666,0.006666666666666666,0,0,0,0.8666666666666668,0.25641,0.0,0.0
17-05-2021 03:44:28,0.8666666666666668,0.0,0.25,0.5833333333333333,0.006666666666666666,0.0,0.006666666666666666,0.006666666666666666,0.006666666666666666,0.006666666666666666,0,0,0,0.8666666666666668,0.25641,0.0,0.0
17-05-2021 03:44:53,0.8666666666666668,0.0,0.25,0.5833333333333333,0.006666666666666666,0.0,0.006666666666666666,0.006666666666666666,0.006666666666666666,0.006666666666666666,0,0,0,0.8666666666666668,0.25641,0.0,0.0
17-05-2021 03:45:19,0.8666666666666668,0.0,0.25,0.5833333333333333,0.006666666666666666,0.0,0.006666666666666666,0.006666666666666666,0.006666666666666666,0.006666666666666666,0,0,0,0.8666666666666668,0.25641,0.0,0.0
17-05-2021 03:45:45,0.8666666666666668,0.0,0.25,0.5833333333333333,0.006666666666666666,0.0,0.006666666666666666,0.006666666666666666,0.006666666666666666,0.006666666666666666,0,0,0,0.8666666666666668,0.25641,0.0,0.0
17-05-2021 03:46:10,0.8666666666666668,0.0,0.25,0.5833333333333333,0.006666666666666666,0.0,0.006666666666666666,0.006666666666666666,0.006666666666666666,0.006666666666666666,0,0,0,0.8666666666666668,0.25641,0.0,0.0
17-05-2021 03:46:36,0.8666666666666668,0.0,0.25,0.5833333333333333,0.006666666666666666,0.0,0.006666666666666666,0.006666666666666666,0.006666666666666666,0.006666666666666666,0,0,0,0.8666666666666668,0.25641,0.0,0.0
17-05-2021 03:47:01,0.8666666666666668,0.0,0.25,0.5833333333333333,0.006666666666666666,0.0,0.006666666666666666,0.006666666666666666,0.006666666666666666,0.006666666666666666,0,0,0,0.8666666666666668,0.25641,0.0,0.0
17-05-2021 03:47:27,0.8666666666666668,0.0,0.25,0.5833333333333333,0.006666666666666666,0.0,0.006666666666666666,0.006666666666666666,0.006666666666666666,0.006666666666666666,0,0,0,0.8666666666666668,0.25641,0.0,0.0
17-05-2021 03:47:53,0.8666666666666668,0.0,0.25,0.5833333333333333,0.006666666666666666,0.0,0.006666666666666666,0.006666666666666666,0.006666666666666666,0.006666666666666666,0,0,0,0.8666666666666668,0.25641,0.0,0.0
17-05-2021 03:48:18,0.8666666666666668,0.0,0.25,0.5833333333333333,0.006666666666666666,0.0,0.006666666666666666,0.006666666666666666,0.006666666666666666,0.006666666666666666,0,0,0,0.8666666666666668,0.25641,0.0,0.0
17-05-2021 03:48:45,0.8666666666666668,0.0,0.25,0.5833333333333333,0.006666666666666666,0.0,0.006666666666666666,0.006666666666666666,0.006666666666666666,0.006666666666666666,0,0,0,0.8666666666666668,0.25641,0.0,0.0
17-05-2021 03:49:21,0.8666666666666668,0.0,0.25,0.5833333333333333,0.006666666666666666,0.0,0.006666666666666666,0.006666666666666666,0.006666666666666666,0.006666666666666666,0,0,0,0.8666666666666668,0.25641,0.0,0.0
17-05-2021 03:49:47,0.8666666666666668,0.0,0.25,0.5833333333333333,0.006666666666666666,0.0,0.006666666666666666,0.006666666666666666,0.006666666666666666,0.006666666666666666,0,0,0,0.8666666666666668,0.25641,0.0,0.0
17-05-2021 03:50:12,0.8666666666666668,0.0,0.25,0.5833333333333333,0.006666666666666666,0.0,0.006666666666666666,0.006666666666666666,0.006666666666666666,0.006666666666666666,0,0,0,0.8666666666666668,0.25641,0.0,0.0
17-05-2021 03:50:38,0.8666666666666668,0.0,0.25,0.5833333333333333,0.006666666666666666,0.0,0.006666666666666666,0.006666666666666666,0.006666666666666666,0.006666666666666666,0,0,0,0.8666666666666668,0.25641,0.0,0.0
17-05-2021 03:51:03,0.8666666666666668,0.0,0.25,0.5833333333333333,0.006666666666666666,0.0,0.006666666666666666,0.006666666666666666,0.006666666666666666,0.006666666666666666,0,0,0,0.8666666666666668,0.25641,0.0,0.0
17-05-2021 03:51:29,0.8666666666666668,0.0,0.25,0.5833333333333333,0.006666666666666666,0.0,0.006666666666666666,0.006666666666666666,0.006666666666666666,0.006666666666666666,0,0,0,0.8666666666666668,0.25641,0.0,0.0
17-05-2021 03:51:55,0.8666666666666668,0.0,0.25,0.5833333333333333,0.006666666666666666,0.0,0.006666666666666666,0.006666666666666666,0.006666666666666666,0.006666666666666666,0,0,0,0.8666666666666668,0.25641,0.0,0.0
17-05-2021 03:52:21,0.8691666666666668,0.0,0.25,0.7999999999999999,0.006666666666666666,0.0,0.006666666666666666,0.006666666666666666,0.006666666666666666,0.006666666666666666,0,0,0,1.0833333333333328,0.25641,0.0,0.0
17-05-2021 03:52:45,0.9666666666666668,0.0,0.25,0.6833333333333332,0.006666666666666666,0.0,0.006666666666666666,0.006666666666666666,0.006666666666666666,0.006666666666666666,0,0,0,0.9666666666666668,0.25641,0.0,0.0
17-05-2021 03:53:10,1.3024999999999998,0.0,0.7833333333333332,0.6833333333333332,0.006666666666666666,0.0,0.006666666666666666,0.006666666666666666,0.006666666666666666,0.006666666666666666,0,0,0,1.4999999999999996,0.25641,0.0,0.0
17-05-2021 03:53:34,0.6500000000000001,0.0,0.35,0.26666666666666666,0.006666666666666666,0.0,0.006666666666666666,0.006666666666666666,0.006666666666666666,0.006666666666666666,0,0,0,0.6500000000000001,0.25641,0.0,0.0
17-05-2021 03:53:57,1.0166666666666666,0.0,1.05,0.26666666666666666,0.006666666666666666,0.0,0.006666666666666666,0.006666666666666666,0.006666666666666666,0.006666666666666666,0,0,0,1.0166666666666666,0.25641,0.0,0.0
17-05-2021 03:54:20,1.1766666666666665,0.0,0.35,0.6833333333333332,0.10833333333333334,0.0016666666666666666,0.008333333333333333,0.008333333333333333,0.008333333333333333,0.008333333333333333,0,0,0,1.1766666666666665,0.25641,0.0,0.0
17-05-2021 03:54:45,0.8433333333333337,0.0,0.1,0.26666666666666666,0.008333333333333333,0.10166666666666667,0.008333333333333333,0.008333333333333333,0.008333333333333333,0.008333333333333333,0,0,0,0.51,0.25641,0.0,0.0
17-05-2021 03:55:07,0.7666666666666668,0.0,0.4666666666666667,0.26666666666666666,0.006666666666666666,0.0,0.006666666666666666,0.006666666666666666,0.006666666666666666,0.006666666666666666,0,0,0,1.0999999999999996,0.25641,0.0,0.0
17-05-2021 03:55:30,0.51,0.0,0.1,0.26666666666666666,0.008333333333333333,0.0016666666666666666,0.10833333333333334,0.008333333333333333,0.008333333333333333,0.008333333333333333,0,0,0,0.51,0.25641,0.0,0.0
17-05-2021 03:55:55,0.8600000000000003,0.0,0.6833333333333332,0.16666666666666666,0.008333333333333333,0.0016666666666666666,0.008333333333333333,0.10833333333333334,0.10833333333333334,0.10833333333333334,0,0,0,0.8600000000000003,0.25641,0.0,0.0
17-05-2021 03:56:19,0.6666666666666669,0.0,0.4666666666666667,0.16666666666666666,0.006666666666666666,0.0,0.006666666666666666,0.006666666666666666,0.006666666666666666,0.006666666666666666,0,0,0,0.6666666666666669,0.25641,0.0,0.0
17-05-2021 03:56:44,0.9433333333333337,0.0,0.1,0.16666666666666666,0.008333333333333333,0.0016666666666666666,0.008333333333333333,0.10833333333333334,0.10833333333333334,0.10833333333333334,0,0,0,0.6099999999999999,0.25641,0.0,0.0
17-05-2021 03:57:11,0.31499999999999995,0.0,0.1,0.16666666666666666,0.20666666666666667,0.2,0.20666666666666667,0.20666666666666667,0.20666666666666667,0.20666666666666667,0,0,0,1.5,0.25641,0.0,0.0
17-05-2021 03:57:32,0.19999999999999993,0.0,0.0,0.16666666666666666,0.006666666666666666,0.0,0.006666666666666666,0.006666666666666666,0.006666666666666666,0.006666666666666666,0,0,0,0.19999999999999993,0.25641,0.0,0.0
17-05-2021 03:57:52,0.19999999999999993,0.0,0.0,0.16666666666666666,0.006666666666666666,0.0,0.006666666666666666,0.006666666666666666,0.006666666666666666,0.006666666666666666,0,0,0,0.19999999999999993,0.25641,0.0,0.0
17-05-2021 03:58:13,0.19999999999999993,0.0,0.0,0.16666666666666666,0.006666666666666666,0.0,0.006666666666666666,0.006666666666666666,0.006666666666666666,0.006666666666666666,0,0,0,0.19999999999999993,0.25641,0.0,0.0
17-05-2021 03:58:34,0.19999999999999993,0.0,0.0,0.16666666666666666,0.006666666666666666,0.0,0.006666666666666666,0.006666666666666666,0.006666666666666666,0.006666666666666666,0,0,0,0.19999999999999993,0.25641,0.0,0.0
17-05-2021 03:58:54,0.19999999999999993,0.0,0.0,0.16666666666666666,0.006666666666666666,0.0,0.006666666666666666,0.006666666666666666,0.006666666666666666,0.006666666666666666,0,0,0,0.19999999999999993,0.25641,0.0,0.0
17-05-2021 03:59:15,0.19999999999999993,0.0,0.0,0.16666666666666666,0.006666666666666666,0.0,0.006666666666666666,0.006666666666666666,0.006666666666666666,0.006666666666666666,0,0,0,0.19999999999999993,0.25641,0.0,0.0
17-05-2021 03:59:36,0.19999999999999993,0.0,0.0,0.16666666666666666,0.006666666666666666,0.0,0.006666666666666666,0.006666666666666666,0.006666666666666666,0.006666666666666666,0,0,0,0.19999999999999993,0.25641,0.0,0.0
17-05-2021 03:59:57,0.19999999999999993,0.0,0.0,0.16666666666666666,0.006666666666666666,0.0,0.006666666666666666,0.006666666666666666,0.006666666666666666,0.006666666666666666,0,0,0,0.19999999999999993,0.25641,0.0,0.0
17-05-2021 04:00:18,0.19999999999999993,0.0,0.0,0.16666666666666666,0.006666666666666666,0.0,0.006666666666666666,0.006666666666666666,0.006666666666666666,0.006666666666666666,0,0,0,0.19999999999999993,0.25641,0.0,0.0
17-05-2021 04:00:39,0.19999999999999993,0.0,0.0,0.16666666666666666,0.006666666666666666,0.0,0.006666666666666666,0.006666666666666666,0.006666666666666666,0.006666666666666666,0,0,0,0.19999999999999993,0.25641,0.0,0.0
17-05-2021 04:01:01,0.19999999999999993,0.0,0.0,0.16666666666666666,0.006666666666666666,0.0,0.006666666666666666,0.006666666666666666,0.006666666666666666,0.006666666666666666,0,0,0,0.19999999999999993,0.25641,0.0,0.0
17-05-2021 04:01:22,0.19999999999999993,0.0,0.0,0.16666666666666666,0.006666666666666666,0.0,0.006666666666666666,0.006666666666666666,0.006666666666666666,0.006666666666666666,0,0,0,0.19999999999999993,0.25641,0.0,0.0
17-05-2021 04:01:43,0.19999999999999993,0.0,0.0,0.16666666666666666,0.006666666666666666,0.0,0.006666666666666666,0.006666666666666666,0.006666666666666666,0.006666666666666666,0,0,0,0.19999999999999993,0.25641,0.0,0.0
17-05-2021 04:02:04,0.19999999999999993,0.0,0.0,0.16666666666666666,0.006666666666666666,0.0,0.006666666666666666,0.006666666666666666,0.006666666666666666,0.006666666666666666,0,0,0,0.19999999999999993,0.25641,0.0,0.0
17-05-2021 04:02:26,0.5358333333333335,0.0,0.5333333333333333,0.16666666666666666,0.006666666666666666,0.0,0.006666666666666666,0.006666666666666666,0.006666666666666666,0.006666666666666666,0,0,0,0.7333333333333335,0.25641,0.0,0.0
17-05-2021 04:02:47,0.9166666666666669,0.0,0.7166666666666667,0.16666666666666666,0.006666666666666666,0.0,0.006666666666666666,0.006666666666666666,0.006666666666666666,0.006666666666666666,0,0,0,0.9166666666666669,0.25641,0.0,0.0
17-05-2021 04:03:10,0.7000000000000002,0.0,0.43333333333333335,0.16666666666666666,0.20666666666666667,0.2,0.006666666666666666,0.006666666666666666,0.006666666666666666,0.006666666666666666,0,0,0,0.7000000000000002,0.25641,0.0,0.0
17-05-2021 04:03:31,1.11,0.0,0.1,0.16666666666666666,0.008333333333333333,0.0016666666666666666,0.20833333333333334,0.20833333333333334,0.20833333333333334,0.20833333333333334,0,0,0,1.11,0.25641,0.0,0.0
17-05-2021 04:03:52,1.0,0.0,0.4666666666666667,0.16666666666666666,0.006666666666666666,0.0,0.006666666666666666,0.006666666666666666,0.006666666666666666,0.006666666666666666,0,0,0,0.6666666666666669,0.25641,0.0,0.0
17-05-2021 04:04:13,0.5500000000000002,0.0,0.35,0.16666666666666666,0.006666666666666666,0.0,0.006666666666666666,0.006666666666666666,0.006666666666666666,0.006666666666666666,0,0,0,0.8833333333333334,0.25641,0.0,0.0
17-05-2021 04:04:36,0.9000000000000001,0.0,0.1,0.16666666666666666,0.006666666666666666,0.0,0.006666666666666666,0.20666666666666667,0.20666666666666667,0.20666666666666667,0,0,0,0.9000000000000001,0.25641,0.0,0.0
17-05-2021 04:04:57,0.19999999999999993,0.0,0.0,0.16666666666666666,0.006666666666666666,0.0,0.006666666666666666,0.006666666666666666,0.006666666666666666,0.006666666666666666,0,0,0,0.19999999999999993,0.25641,0.0,0.0
17-05-2021 04:05:18,0.6191666666666668,0.0,0.0,0.7999999999999999,0.006666666666666666,0.0,0.006666666666666666,0.006666666666666666,0.006666666666666666,0.006666666666666666,0,0,0,0.8333333333333335,0.25641,0.0,0.0
17-05-2021 04:05:41,0.49999999999999994,0.0,0.0,0.26666666666666666,0.20666666666666667,0.0,0.006666666666666666,0.006666666666666666,0.006666666666666666,0.006666666666666666,0,0,0,0.49999999999999994,0.25641,0.0,0.0
17-05-2021 04:06:01,0.29999999999999993,0.0,0.0,0.26666666666666666,0.006666666666666666,0.0,0.006666666666666666,0.006666666666666666,0.006666666666666666,0.006666666666666666,0,0,0,0.29999999999999993,0.25641,0.0,0.0
17-05-2021 04:06:22,0.49999999999999994,0.0,0.0,0.26666666666666666,0.006666666666666666,0.2,0.006666666666666666,0.006666666666666666,0.006666666666666666,0.006666666666666666,0,0,0,0.49999999999999994,0.25641,0.0,0.0
17-05-2021 04:06:43,0.19999999999999993,0.0,0.0,0.16666666666666666,0.006666666666666666,0.0,0.006666666666666666,0.006666666666666666,0.006666666666666666,0.006666666666666666,0,0,0,0.19999999999999993,0.25641,0.0,0.0
17-05-2021 04:07:04,0.19999999999999993,0.0,0.0,0.16666666666666666,0.006666666666666666,0.0,0.006666666666666666,0.006666666666666666,0.006666666666666666,0.006666666666666666,0,0,0,0.19999999999999993,0.25641,0.0,0.0
17-05-2021 04:07:25,0.19999999999999993,0.0,0.0,0.16666666666666666,0.006666666666666666,0.0,0.006666666666666666,0.006666666666666666,0.006666666666666666,0.006666666666666666,0,0,0,0.19999999999999993,0.25641,0.0,0.0
17-05-2021 04:07:47,0.6191666666666668,0.0,0.0,0.7999999999999999,0.006666666666666666,0.0,0.006666666666666666,0.006666666666666666,0.006666666666666666,0.006666666666666666,0,0,0,0.8333333333333335,0.25641,0.0,0.0
17-05-2021 04:08:07,0.51,0.0,0.0,0.26666666666666666,0.008333333333333333,0.0016666666666666666,0.20833333333333334,0.008333333333333333,0.008333333333333333,0.008333333333333333,0,0,0,0.51,0.25641,0.0,0.0
17-05-2021 04:08:29,0.9000000000000001,0.0,0.0,0.26666666666666666,0.006666666666666666,0.0,0.006666666666666666,0.20666666666666667,0.20666666666666667,0.20666666666666667,0,0,0,0.9000000000000001,0.25641,0.0,0.0
17-05-2021 04:08:50,0.19999999999999993,0.0,0.0,0.16666666666666666,0.006666666666666666,0.0,0.006666666666666666,0.006666666666666666,0.006666666666666666,0.006666666666666666,0,0,0,0.19999999999999993,0.25641,0.0,0.0
17-05-2021 04:09:11,0.19999999999999993,0.0,0.0,0.16666666666666666,0.006666666666666666,0.0,0.006666666666666666,0.006666666666666666,0.006666666666666666,0.006666666666666666,0,0,0,0.19999999999999993,0.25641,0.0,0.0
17-05-2021 04:09:32,0.19999999999999993,0.0,0.0,0.16666666666666666,0.006666666666666666,0.0,0.006666666666666666,0.006666666666666666,0.006666666666666666,0.006666666666666666,0,0,0,0.19999999999999993,0.25641,0.0,0.0
17-05-2021 04:09:53,0.19999999999999993,0.0,0.0,0.16666666666666666,0.006666666666666666,0.0,0.006666666666666666,0.006666666666666666,0.006666666666666666,0.006666666666666666,0,0,0,0.19999999999999993,0.25641,0.0,0.0
17-05-2021 04:10:14,0.19999999999999993,0.0,0.0,0.16666666666666666,0.006666666666666666,0.0,0.006666666666666666,0.006666666666666666,0.006666666666666666,0.006666666666666666,0,0,0,0.19999999999999993,0.25641,0.0,0.0
17-05-2021 04:10:35,0.19999999999999993,0.0,0.0,0.16666666666666666,0.006666666666666666,0.0,0.006666666666666666,0.006666666666666666,0.006666666666666666,0.006666666666666666,0,0,0,0.19999999999999993,0.25641,0.0,0.0
17-05-2021 04:10:56,0.19999999999999993,0.0,0.0,0.16666666666666666,0.006666666666666666,0.0,0.006666666666666666,0.006666666666666666,0.006666666666666666,0.006666666666666666,0,0,0,0.19999999999999993,0.25641,0.0,0.0
17-05-2021 04:11:17,0.19999999999999993,0.0,0.0,0.16666666666666666,0.006666666666666666,0.0,0.006666666666666666,0.006666666666666666,0.006666666666666666,0.006666666666666666,0,0,0,0.19999999999999993,0.25641,0.0,0.0
17-05-2021 04:11:38,0.19999999999999993,0.0,0.0,0.16666666666666666,0.006666666666666666,0.0,0.006666666666666666,0.006666666666666666,0.006666666666666666,0.006666666666666666,0,0,0,0.19999999999999993,0.25641,0.0,0.0
17-05-2021 04:12:00,0.5358333333333335,0.0,0.5333333333333333,0.16666666666666666,0.006666666666666666,0.0,0.006666666666666666,0.006666666666666666,0.006666666666666666,0.006666666666666666,0,0,0,0.7333333333333335,0.25641,0.0,0.0
17-05-2021 04:12:19,0.6666666666666669,0.0,0.4666666666666667,0.16666666666666666,0.006666666666666666,0.0,0.006666666666666666,0.006666666666666666,0.006666666666666666,0.006666666666666666,0,0,0,0.6666666666666669,0.25641,0.0,0.0
17-05-2021 04:12:38,0.29999999999999993,0.0,0.43333333333333335,0.16666666666666666,0.006666666666666666,0.0,0.006666666666666666,0.006666666666666666,0.006666666666666666,0.006666666666666666,0,0,0,0.29999999999999993,0.25641,0.0,0.0
17-05-2021 04:12:57,0.5500000000000002,0.0,0.35,0.16666666666666666,0.006666666666666666,0.0,0.006666666666666666,0.006666666666666666,0.006666666666666666,0.006666666666666666,0,0,0,0.5500000000000002,0.25641,0.0,0.0
17-05-2021 04:13:17,1.0,0.0,0.4666666666666667,0.16666666666666666,0.006666666666666666,0.0,0.006666666666666666,0.006666666666666666,0.006666666666666666,0.006666666666666666,0,0,0,0.6666666666666669,0.25641,0.0,0.0
17-05-2021 04:13:38,0.9100000000000003,0.0,0.1,0.16666666666666666,0.20833333333333334,0.2016666666666667,0.20833333333333334,0.008333333333333333,0.008333333333333333,0.008333333333333333,0,0,0,1.2433333333333332,0.25641,0.0,0.0
17-05-2021 04:13:57,0.29999999999999993,0.0,0.1,0.16666666666666666,0.006666666666666666,0.0,0.006666666666666666,0.006666666666666666,0.006666666666666666,0.006666666666666666,0,0,0,0.29999999999999993,0.25641,0.0,0.0
17-05-2021 04:14:17,0.9166666666666669,0.0,1.05,0.16666666666666666,0.006666666666666666,0.0,0.006666666666666666,0.006666666666666666,0.006666666666666666,0.006666666666666666,0,0,0,0.9166666666666669,0.25641,0.0,0.0
17-05-2021 04:14:38,0.29999999999999993,0.0,0.1,0.16666666666666666,0.006666666666666666,0.0,0.006666666666666666,0.006666666666666666,0.006666666666666666,0.006666666666666666,0,0,0,0.29999999999999993,0.25641,0.0,0.0
17-05-2021 13:19:35,0.25666666666666665,0.1,0.12666666666666668,0.3833333333333333,0.008333333333333333,0.10166666666666667,0.10833333333333334,0.10833333333333334,0.10833333333333334,0.10833333333333334,0,0,0,1.1533333333333338,0.25641,0.0,0.0
17-05-2021 13:19:59,0.29999999999999993,0.0,0.0,0.26666666666666666,0.006666666666666666,0.0,0.006666666666666666,0.006666666666666666,0.006666666666666666,0.006666666666666666,0,0,0,0.29999999999999993,0.25641,0.0,0.0
17-05-2021 13:20:25,0.729166666666667,0.0,0.0,0.6833333333333332,0.10833333333333334,0.0016666666666666666,0.008333333333333333,0.008333333333333333,0.008333333333333333,0.008333333333333333,0,0,0,0.826666666666667,0.25641,0.0,0.0
17-05-2021 13:20:54,0.4099999999999998,0.0,0.0,0.26666666666666666,0.008333333333333333,0.10166666666666667,0.008333333333333333,0.008333333333333333,0.008333333333333333,0.008333333333333333,0,0,0,0.4099999999999998,0.25641,0.0,0.0
17-05-2021 13:21:19,0.19999999999999993,0.0,0.0,0.16666666666666666,0.006666666666666666,0.0,0.006666666666666666,0.006666666666666666,0.006666666666666666,0.006666666666666666,0,0,0,0.19999999999999993,0.25641,0.0,0.0
17-05-2021 13:21:45,0.19999999999999993,0.0,0.0,0.16666666666666666,0.006666666666666666,0.0,0.006666666666666666,0.006666666666666666,0.006666666666666666,0.006666666666666666,0,0,0,0.19999999999999993,0.25641,0.0,0.0
17-05-2021 13:22:10,0.19999999999999993,0.0,0.0,0.16666666666666666,0.006666666666666666,0.0,0.006666666666666666,0.006666666666666666,0.006666666666666666,0.006666666666666666,0,0,0,0.19999999999999993,0.25641,0.0,0.0
17-05-2021 13:22:36,0.19999999999999993,0.0,0.0,0.16666666666666666,0.006666666666666666,0.0,0.006666666666666666,0.006666666666666666,0.006666666666666666,0.006666666666666666,0,0,0,0.19999999999999993,0.25641,0.0,0.0
17-05-2021 13:23:02,0.20249999999999993,0.0,0.0,0.3833333333333333,0.006666666666666666,0.0,0.006666666666666666,0.006666666666666666,0.006666666666666666,0.006666666666666666,0,0,0,0.4166666666666666,0.25641,0.0,0.0
17-05-2021 13:23:27,0.6099999999999999,0.0,0.0,0.26666666666666666,0.008333333333333333,0.0016666666666666666,0.008333333333333333,0.10833333333333334,0.10833333333333334,0.10833333333333334,0,0,0,0.6099999999999999,0.25641,0.0,0.0
17-05-2021 13:23:52,0.6099999999999999,0.0,0.0,0.26666666666666666,0.008333333333333333,0.0016666666666666666,0.008333333333333333,0.10833333333333334,0.10833333333333334,0.10833333333333334,0,0,0,0.6099999999999999,0.25641,0.0,0.0
17-05-2021 13:24:18,0.19999999999999993,0.0,0.0,0.16666666666666666,0.006666666666666666,0.0,0.006666666666666666,0.006666666666666666,0.006666666666666666,0.006666666666666666,0,0,0,0.19999999999999993,0.25641,0.0,0.0
17-05-2021 13:24:43,0.19999999999999993,0.0,0.0,0.16666666666666666,0.006666666666666666,0.0,0.006666666666666666,0.006666666666666666,0.006666666666666666,0.006666666666666666,0,0,0,0.19999999999999993,0.25641,0.0,0.0
17-05-2021 13:25:10,0.19999999999999993,0.0,0.0,0.16666666666666666,0.006666666666666666,0.0,0.006666666666666666,0.006666666666666666,0.006666666666666666,0.006666666666666666,0,0,0,0.19999999999999993,0.25641,0.0,0.0
17-05-2021 13:25:35,0.19999999999999993,0.0,0.0,0.16666666666666666,0.006666666666666666,0.0,0.006666666666666666,0.006666666666666666,0.006666666666666666,0.006666666666666666,0,0,0,0.19999999999999993,0.25641,0.0,0.0
17-05-2021 13:26:01,0.19999999999999993,0.0,0.0,0.16666666666666666,0.006666666666666666,0.0,0.006666666666666666,0.006666666666666666,0.006666666666666666,0.006666666666666666,0,0,0,0.19999999999999993,0.25641,0.0,0.0
17-05-2021 13:26:27,0.19999999999999993,0.0,0.0,0.16666666666666666,0.006666666666666666,0.0,0.006666666666666666,0.006666666666666666,0.006666666666666666,0.006666666666666666,0,0,0,0.19999999999999993,0.25641,0.0,0.0
17-05-2021 13:26:52,0.19999999999999993,0.0,0.0,0.16666666666666666,0.006666666666666666,0.0,0.006666666666666666,0.006666666666666666,0.006666666666666666,0.006666666666666666,0,0,0,0.19999999999999993,0.25641,0.0,0.0
17-05-2021 13:27:18,0.19999999999999993,0.0,0.0,0.16666666666666666,0.006666666666666666,0.0,0.006666666666666666,0.006666666666666666,0.006666666666666666,0.006666666666666666,0,0,0,0.19999999999999993,0.25641,0.0,0.0
17-05-2021 13:27:44,0.19999999999999993,0.0,0.0,0.16666666666666666,0.006666666666666666,0.0,0.006666666666666666,0.006666666666666666,0.006666666666666666,0.006666666666666666,0,0,0,0.19999999999999993,0.25641,0.0,0.0
17-05-2021 13:28:10,0.5358333333333335,0.0,0.5333333333333333,0.16666666666666666,0.006666666666666666,0.0,0.006666666666666666,0.006666666666666666,0.006666666666666666,0.006666666666666666,0,0,0,0.7333333333333335,0.25641,0.0,0.0
17-05-2021 13:28:32,0.29999999999999993,0.0,0.1,0.16666666666666666,0.006666666666666666,0.0,0.006666666666666666,0.006666666666666666,0.006666666666666666,0.006666666666666666,0,0,0,0.29999999999999993,0.25641,0.0,0.0
17-05-2021 13:28:54,0.6666666666666669,0.0,0.7999999999999999,0.16666666666666666,0.006666666666666666,0.0,0.006666666666666666,0.006666666666666666,0.006666666666666666,0.006666666666666666,0,0,0,0.6666666666666669,0.25641,0.0,0.0
17-05-2021 13:29:17,0.5500000000000002,0.0,0.35,0.16666666666666666,0.006666666666666666,0.0,0.006666666666666666,0.006666666666666666,0.006666666666666666,0.006666666666666666,0,0,0,0.5500000000000002,0.25641,0.0,0.0
17-05-2021 13:29:40,0.9433333333333337,0.0,0.1,0.16666666666666666,0.10833333333333334,0.10166666666666667,0.10833333333333334,0.008333333333333333,0.008333333333333333,0.008333333333333333,0,0,0,0.6100000000000002,0.25641,0.0,0.0
17-05-2021 13:30:02,0.6666666666666669,0.0,0.4666666666666667,0.16666666666666666,0.006666666666666666,0.0,0.006666666666666666,0.006666666666666666,0.006666666666666666,0.006666666666666666,0,0,0,1.0,0.25641,0.0,0.0
17-05-2021 13:30:24,0.29999999999999993,0.0,0.1,0.16666666666666666,0.006666666666666666,0.0,0.006666666666666666,0.006666666666666666,0.006666666666666666,0.006666666666666666,0,0,0,0.29999999999999993,0.25641,0.0,0.0
17-05-2021 13:30:46,0.5500000000000002,0.0,0.6833333333333332,0.16666666666666666,0.006666666666666666,0.0,0.006666666666666666,0.006666666666666666,0.006666666666666666,0.006666666666666666,0,0,0,0.5500000000000002,0.25641,0.0,0.0
17-05-2021 13:31:09,0.6666666666666669,0.0,0.4666666666666667,0.16666666666666666,0.006666666666666666,0.0,0.006666666666666666,0.006666666666666666,0.006666666666666666,0.006666666666666666,0,0,0,0.6666666666666669,0.25641,0.0,0.0
17-05-2021 13:31:33,0.6375,0.225,0.1,0.16666666666666666,0.008333333333333333,0.0016666666666666666,0.008333333333333333,0.10833333333333334,0.10833333333333334,0.10833333333333334,0,0,0,0.8350000000000003,0.25641,0.0,0.0
17-05-2021 13:31:53,0.29999999999999993,0.1,0.0,0.16666666666666666,0.006666666666666666,0.0,0.006666666666666666,0.006666666666666666,0.006666666666666666,0.006666666666666666,0,0,0,0.29999999999999993,0.25641,0.0,0.0
17-05-2021 13:32:13,0.29999999999999993,0.1,0.0,0.16666666666666666,0.006666666666666666,0.0,0.006666666666666666,0.006666666666666666,0.006666666666666666,0.006666666666666666,0,0,0,0.29999999999999993,0.25641,0.0,0.0
17-05-2021 13:32:33,0.29999999999999993,0.1,0.0,0.16666666666666666,0.006666666666666666,0.0,0.006666666666666666,0.006666666666666666,0.006666666666666666,0.006666666666666666,0,0,0,0.29999999999999993,0.25641,0.0,0.0
17-05-2021 13:32:52,0.29999999999999993,0.1,0.0,0.16666666666666666,0.006666666666666666,0.0,0.006666666666666666,0.006666666666666666,0.006666666666666666,0.006666666666666666,0,0,0,0.29999999999999993,0.25641,0.0,0.0
17-05-2021 13:33:11,0.29999999999999993,0.1,0.0,0.16666666666666666,0.006666666666666666,0.0,0.006666666666666666,0.006666666666666666,0.006666666666666666,0.006666666666666666,0,0,0,0.29999999999999993,0.25641,0.0,0.0
17-05-2021 13:33:32,0.30749999999999994,0.1,0.0,0.16666666666666666,0.006666666666666666,0.0,0.006666666666666666,0.20666666666666667,0.20666666666666667,0.20666666666666667,0,0,0,0.9000000000000001,0.25641,0.0,0.0
17-05-2021 13:33:49,0.29999999999999993,0.1,0.0,0.16666666666666666,0.006666666666666666,0.0,0.006666666666666666,0.006666666666666666,0.006666666666666666,0.006666666666666666,0,0,0,0.29999999999999993,0.25641,0.0,0.0
17-05-2021 13:34:07,0.29999999999999993,0.1,0.0,0.16666666666666666,0.006666666666666666,0.0,0.006666666666666666,0.006666666666666666,0.006666666666666666,0.006666666666666666,0,0,0,0.29999999999999993,0.25641,0.0,0.0
17-05-2021 13:34:25,0.29999999999999993,0.1,0.0,0.16666666666666666,0.006666666666666666,0.0,0.006666666666666666,0.006666666666666666,0.006666666666666666,0.006666666666666666,0,0,0,0.29999999999999993,0.25641,0.0,0.0
17-05-2021 13:34:43,0.29999999999999993,0.1,0.0,0.16666666666666666,0.006666666666666666,0.0,0.006666666666666666,0.006666666666666666,0.006666666666666666,0.006666666666666666,0,0,0,0.29999999999999993,0.25641,0.0,0.0
17-05-2021 13:35:01,0.29999999999999993,0.1,0.0,0.16666666666666666,0.006666666666666666,0.0,0.006666666666666666,0.006666666666666666,0.006666666666666666,0.006666666666666666,0,0,0,0.29999999999999993,0.25641,0.0,0.0
17-05-2021 13:35:19,0.29999999999999993,0.1,0.0,0.16666666666666666,0.006666666666666666,0.0,0.006666666666666666,0.006666666666666666,0.006666666666666666,0.006666666666666666,0,0,0,0.29999999999999993,0.25641,0.0,0.0
17-05-2021 13:35:36,0.29999999999999993,0.1,0.0,0.16666666666666666,0.006666666666666666,0.0,0.006666666666666666,0.006666666666666666,0.006666666666666666,0.006666666666666666,0,0,0,0.29999999999999993,0.25641,0.0,0.0
17-05-2021 13:35:54,0.29999999999999993,0.1,0.0,0.16666666666666666,0.006666666666666666,0.0,0.006666666666666666,0.006666666666666666,0.006666666666666666,0.006666666666666666,0,0,0,0.29999999999999993,0.25641,0.0,0.0
17-05-2021 13:36:11,0.29999999999999993,0.1,0.0,0.16666666666666666,0.006666666666666666,0.0,0.006666666666666666,0.006666666666666666,0.006666666666666666,0.006666666666666666,0,0,0,0.29999999999999993,0.25641,0.0,0.0
17-05-2021 13:36:29,0.29999999999999993,0.1,0.0,0.16666666666666666,0.006666666666666666,0.0,0.006666666666666666,0.006666666666666666,0.006666666666666666,0.006666666666666666,0,0,0,0.29999999999999993,0.25641,0.0,0.0
17-05-2021 13:36:47,0.29999999999999993,0.1,0.0,0.16666666666666666,0.006666666666666666,0.0,0.006666666666666666,0.006666666666666666,0.006666666666666666,0.006666666666666666,0,0,0,0.29999999999999993,0.25641,0.0,0.0
17-05-2021 13:37:05,0.29999999999999993,0.1,0.0,0.16666666666666666,0.006666666666666666,0.0,0.006666666666666666,0.006666666666666666,0.006666666666666666,0.006666666666666666,0,0,0,0.29999999999999993,0.25641,0.0,0.0
17-05-2021 13:37:22,0.29999999999999993,0.1,0.0,0.16666666666666666,0.006666666666666666,0.0,0.006666666666666666,0.006666666666666666,0.006666666666666666,0.006666666666666666,0,0,0,0.29999999999999993,0.25641,0.0,0.0
17-05-2021 13:37:39,0.29999999999999993,0.1,0.0,0.16666666666666666,0.006666666666666666,0.0,0.006666666666666666,0.006666666666666666,0.006666666666666666,0.006666666666666666,0,0,0,0.29999999999999993,0.25641,0.0,0.0
17-05-2021 13:37:57,0.29999999999999993,0.1,0.0,0.16666666666666666,0.006666666666666666,0.0,0.006666666666666666,0.006666666666666666,0.006666666666666666,0.006666666666666666,0,0,0,0.29999999999999993,0.25641,0.0,0.0
17-05-2021 13:38:15,0.29999999999999993,0.1,0.0,0.16666666666666666,0.006666666666666666,0.0,0.006666666666666666,0.006666666666666666,0.006666666666666666,0.006666666666666666,0,0,0,0.29999999999999993,0.25641,0.0,0.0
17-05-2021 13:38:33,0.29999999999999993,0.1,0.0,0.16666666666666666,0.006666666666666666,0.0,0.006666666666666666,0.006666666666666666,0.006666666666666666,0.006666666666666666,0,0,0,0.29999999999999993,0.25641,0.0,0.0
17-05-2021 13:38:53,1.3341666666666667,0.1,0.0,0.7999999999999999,0.008333333333333333,0.2016666666666667,0.20833333333333334,0.20833333333333334,0.20833333333333334,0.20833333333333334,0,0,0,1.9433333333333331,0.25641,0.0,0.0
17-05-2021 13:39:15,0.13583333333333333,0.0,0.0,0.1,0.20666666666666667,0.0,0.006666666666666666,0.006666666666666666,0.006666666666666666,0.006666666666666666,0,0,0,0.3333333333333333,0.25641,0.0,0.0
17-05-2021 13:39:36,0.3333333333333333,0.0,0.0,0.1,0.006666666666666666,0.2,0.006666666666666666,0.006666666666666666,0.006666666666666666,0.006666666666666666,0,0,0,0.3333333333333333,0.25641,0.0,0.0
17-05-2021 13:39:57,0.7600000000000003,0.0,0.0,0.5166666666666666,0.008333333333333333,0.0016666666666666666,0.20833333333333334,0.008333333333333333,0.008333333333333333,0.008333333333333333,0,0,0,0.7600000000000003,0.25641,0.0,0.0
17-05-2021 13:40:19,0.7333333333333334,0.0,0.0,0.1,0.006666666666666666,0.0,0.006666666666666666,0.20666666666666667,0.20666666666666667,0.20666666666666667,0,0,0,0.7333333333333334,0.25641,0.0,0.0
17-05-2021 13:40:40,0.7333333333333334,0.0,0.0,0.1,0.006666666666666666,0.0,0.006666666666666666,0.20666666666666667,0.20666666666666667,0.20666666666666667,0,0,0,0.7333333333333334,0.25641,0.0,0.0
17-05-2021 13:41:01,0.7333333333333334,0.0,0.0,0.1,0.006666666666666666,0.0,0.006666666666666666,0.20666666666666667,0.20666666666666667,0.20666666666666667,0,0,0,0.7333333333333334,0.25641,0.0,0.0
17-05-2021 13:41:22,0.03333333333333333,0.0,0.0,0.0,0.006666666666666666,0.0,0.006666666666666666,0.006666666666666666,0.006666666666666666,0.006666666666666666,0,0,0,0.03333333333333333,0.25641,0.0,0.0
17-05-2021 13:41:43,0.03333333333333333,0.0,0.0,0.0,0.006666666666666666,0.0,0.006666666666666666,0.006666666666666666,0.006666666666666666,0.006666666666666666,0,0,0,0.03333333333333333,0.25641,0.0,0.0
17-05-2021 13:42:04,0.03333333333333333,0.0,0.0,0.0,0.006666666666666666,0.0,0.006666666666666666,0.006666666666666666,0.006666666666666666,0.006666666666666666,0,0,0,0.03333333333333333,0.25641,0.0,0.0
17-05-2021 13:42:25,0.03333333333333333,0.0,0.0,0.0,0.006666666666666666,0.0,0.006666666666666666,0.006666666666666666,0.006666666666666666,0.006666666666666666,0,0,0,0.03333333333333333,0.25641,0.0,0.0
17-05-2021 13:42:46,0.03333333333333333,0.0,0.0,0.0,0.006666666666666666,0.0,0.006666666666666666,0.006666666666666666,0.006666666666666666,0.006666666666666666,0,0,0,0.03333333333333333,0.25641,0.0,0.0
17-05-2021 13:43:07,0.03333333333333333,0.0,0.0,0.0,0.006666666666666666,0.0,0.006666666666666666,0.006666666666666666,0.006666666666666666,0.006666666666666666,0,0,0,0.03333333333333333,0.25641,0.0,0.0
17-05-2021 13:43:28,0.03333333333333333,0.0,0.0,0.0,0.006666666666666666,0.0,0.006666666666666666,0.006666666666666666,0.006666666666666666,0.006666666666666666,0,0,0,0.03333333333333333,0.25641,0.0,0.0
17-05-2021 13:43:49,0.03333333333333333,0.0,0.0,0.0,0.006666666666666666,0.0,0.006666666666666666,0.006666666666666666,0.006666666666666666,0.006666666666666666,0,0,0,0.03333333333333333,0.25641,0.0,0.0
17-05-2021 13:44:10,0.03333333333333333,0.0,0.0,0.0,0.006666666666666666,0.0,0.006666666666666666,0.006666666666666666,0.006666666666666666,0.006666666666666666,0,0,0,0.03333333333333333,0.25641,0.0,0.0
17-05-2021 13:44:31,0.03333333333333333,0.0,0.0,0.0,0.006666666666666666,0.0,0.006666666666666666,0.006666666666666666,0.006666666666666666,0.006666666666666666,0,0,0,0.03333333333333333,0.25641,0.0,0.0
17-05-2021 13:44:52,0.03333333333333333,0.0,0.0,0.0,0.006666666666666666,0.0,0.006666666666666666,0.006666666666666666,0.006666666666666666,0.006666666666666666,0,0,0,0.03333333333333333,0.25641,0.0,0.0
17-05-2021 13:45:13,0.03333333333333333,0.0,0.0,0.0,0.006666666666666666,0.0,0.006666666666666666,0.006666666666666666,0.006666666666666666,0.006666666666666666,0,0,0,0.03333333333333333,0.25641,0.0,0.0
17-05-2021 13:45:34,0.03333333333333333,0.0,0.0,0.0,0.006666666666666666,0.0,0.006666666666666666,0.006666666666666666,0.006666666666666666,0.006666666666666666,0,0,0,0.03333333333333333,0.25641,0.0,0.0
17-05-2021 13:45:55,0.03333333333333333,0.0,0.0,0.0,0.006666666666666666,0.0,0.006666666666666666,0.006666666666666666,0.006666666666666666,0.006666666666666666,0,0,0,0.03333333333333333,0.25641,0.0,0.0
17-05-2021 13:46:15,0.03333333333333333,0.0,0.0,0.0,0.006666666666666666,0.0,0.006666666666666666,0.006666666666666666,0.006666666666666666,0.006666666666666666,0,0,0,0.03333333333333333,0.25641,0.0,0.0
17-05-2021 13:46:36,0.03333333333333333,0.0,0.0,0.0,0.006666666666666666,0.0,0.006666666666666666,0.006666666666666666,0.006666666666666666,0.006666666666666666,0,0,0,0.03333333333333333,0.25641,0.0,0.0
17-05-2021 13:46:57,0.03333333333333333,0.0,0.0,0.0,0.006666666666666666,0.0,0.006666666666666666,0.006666666666666666,0.006666666666666666,0.006666666666666666,0,0,0,0.03333333333333333,0.25641,0.0,0.0
17-05-2021 13:47:18,0.03333333333333333,0.0,0.0,0.0,0.006666666666666666,0.0,0.006666666666666666,0.006666666666666666,0.006666666666666666,0.006666666666666666,0,0,0,0.03333333333333333,0.25641,0.0,0.0
17-05-2021 13:47:38,0.03333333333333333,0.0,0.0,0.0,0.006666666666666666,0.0,0.006666666666666666,0.006666666666666666,0.006666666666666666,0.006666666666666666,0,0,0,0.03333333333333333,0.25641,0.0,0.0
17-05-2021 13:47:59,0.03333333333333333,0.0,0.0,0.0,0.006666666666666666,0.0,0.006666666666666666,0.006666666666666666,0.006666666666666666,0.006666666666666666,0,0,0,0.03333333333333333,0.25641,0.0,0.0
17-05-2021 13:48:20,0.03333333333333333,0.0,0.0,0.0,0.006666666666666666,0.0,0.006666666666666666,0.006666666666666666,0.006666666666666666,0.006666666666666666,0,0,0,0.03333333333333333,0.25641,0.0,0.0
17-05-2021 13:48:41,0.03333333333333333,0.0,0.0,0.0,0.006666666666666666,0.0,0.006666666666666666,0.006666666666666666,0.006666666666666666,0.006666666666666666,0,0,0,0.03333333333333333,0.25641,0.0,0.0
17-05-2021 13:49:05,0.03333333333333333,0.0,0.0,0.0,0.006666666666666666,0.0,0.006666666666666666,0.006666666666666666,0.006666666666666666,0.006666666666666666,0,0,0,0.03333333333333333,0.25641,0.0,0.0
17-05-2021 13:49:27,0.03333333333333333,0.0,0.0,0.0,0.006666666666666666,0.0,0.006666666666666666,0.006666666666666666,0.006666666666666666,0.006666666666666666,0,0,0,0.03333333333333333,0.25641,0.0,0.0
17-05-2021 13:49:48,0.03333333333333333,0.0,0.0,0.0,0.006666666666666666,0.0,0.006666666666666666,0.006666666666666666,0.006666666666666666,0.006666666666666666,0,0,0,0.03333333333333333,0.25641,0.0,0.0
17-05-2021 13:50:09,0.03333333333333333,0.0,0.0,0.0,0.006666666666666666,0.0,0.006666666666666666,0.006666666666666666,0.006666666666666666,0.006666666666666666,0,0,0,0.03333333333333333,0.25641,0.0,0.0
17-05-2021 13:50:29,0.03333333333333333,0.0,0.0,0.0,0.006666666666666666,0.0,0.006666666666666666,0.006666666666666666,0.006666666666666666,0.006666666666666666,0,0,0,0.03333333333333333,0.25641,0.0,0.0
17-05-2021 13:50:50,0.03333333333333333,0.0,0.0,0.0,0.006666666666666666,0.0,0.006666666666666666,0.006666666666666666,0.006666666666666666,0.006666666666666666,0,0,0,0.03333333333333333,0.25641,0.0,0.0
17-05-2021 13:51:11,0.03333333333333333,0.0,0.0,0.0,0.006666666666666666,0.0,0.006666666666666666,0.006666666666666666,0.006666666666666666,0.006666666666666666,0,0,0,0.03333333333333333,0.25641,0.0,0.0
17-05-2021 13:51:32,0.03333333333333333,0.0,0.0,0.0,0.006666666666666666,0.0,0.006666666666666666,0.006666666666666666,0.006666666666666666,0.006666666666666666,0,0,0,0.03333333333333333,0.25641,0.0,0.0
17-05-2021 13:51:53,0.03333333333333333,0.0,0.0,0.0,0.006666666666666666,0.0,0.006666666666666666,0.006666666666666666,0.006666666666666666,0.006666666666666666,0,0,0,0.03333333333333333,0.25641,0.0,0.0
17-05-2021 13:52:14,0.03333333333333333,0.0,0.0,0.0,0.006666666666666666,0.0,0.006666666666666666,0.006666666666666666,0.006666666666666666,0.006666666666666666,0,0,0,0.03333333333333333,0.25641,0.0,0.0
17-05-2021 13:52:36,0.03333333333333333,0.0,0.0,0.0,0.006666666666666666,0.0,0.006666666666666666,0.006666666666666666,0.006666666666666666,0.006666666666666666,0,0,0,0.03333333333333333,0.25641,0.0,0.0
17-05-2021 13:52:56,0.03333333333333333,0.0,0.0,0.0,0.006666666666666666,0.0,0.006666666666666666,0.006666666666666666,0.006666666666666666,0.006666666666666666,0,0,0,0.03333333333333333,0.25641,0.0,0.0
17-05-2021 13:53:17,0.03333333333333333,0.0,0.0,0.0,0.006666666666666666,0.0,0.006666666666666666,0.006666666666666666,0.006666666666666666,0.006666666666666666,0,0,0,0.03333333333333333,0.25641,0.0,0.0
17-05-2021 13:53:38,0.03333333333333333,0.0,0.0,0.0,0.006666666666666666,0.0,0.006666666666666666,0.006666666666666666,0.006666666666666666,0.006666666666666666,0,0,0,0.03333333333333333,0.25641,0.0,0.0
17-05-2021 13:53:59,0.03333333333333333,0.0,0.0,0.0,0.006666666666666666,0.0,0.006666666666666666,0.006666666666666666,0.006666666666666666,0.006666666666666666,0,0,0,0.03333333333333333,0.25641,0.0,0.0
17-05-2021 13:54:20,0.03333333333333333,0.0,0.0,0.0,0.006666666666666666,0.0,0.006666666666666666,0.006666666666666666,0.006666666666666666,0.006666666666666666,0,0,0,0.03333333333333333,0.25641,0.0,0.0
17-05-2021 13:54:41,0.03333333333333333,0.0,0.0,0.0,0.006666666666666666,0.0,0.006666666666666666,0.006666666666666666,0.006666666666666666,0.006666666666666666,0,0,0,0.03333333333333333,0.25641,0.0,0.0
17-05-2021 13:55:02,0.03333333333333333,0.0,0.0,0.0,0.006666666666666666,0.0,0.006666666666666666,0.006666666666666666,0.006666666666666666,0.006666666666666666,0,0,0,0.03333333333333333,0.25641,0.0,0.0
17-05-2021 13:55:23,0.03333333333333333,0.0,0.0,0.0,0.006666666666666666,0.0,0.006666666666666666,0.006666666666666666,0.006666666666666666,0.006666666666666666,0,0,0,0.03333333333333333,0.25641,0.0,0.0
17-05-2021 13:55:44,0.03333333333333333,0.0,0.0,0.0,0.006666666666666666,0.0,0.006666666666666666,0.006666666666666666,0.006666666666666666,0.006666666666666666,0,0,0,0.03333333333333333,0.25641,0.0,0.0
17-05-2021 13:56:05,0.03333333333333333,0.0,0.0,0.0,0.006666666666666666,0.0,0.006666666666666666,0.006666666666666666,0.006666666666666666,0.006666666666666666,0,0,0,0.03333333333333333,0.25641,0.0,0.0
17-05-2021 13:56:25,0.03333333333333333,0.0,0.0,0.0,0.006666666666666666,0.0,0.006666666666666666,0.006666666666666666,0.006666666666666666,0.006666666666666666,0,0,0,0.03333333333333333,0.25641,0.0,0.0
17-05-2021 13:56:46,0.03333333333333333,0.0,0.0,0.0,0.006666666666666666,0.0,0.006666666666666666,0.006666666666666666,0.006666666666666666,0.006666666666666666,0,0,0,0.03333333333333333,0.25641,0.0,0.0
17-05-2021 13:57:07,0.03333333333333333,0.0,0.0,0.0,0.006666666666666666,0.0,0.006666666666666666,0.006666666666666666,0.006666666666666666,0.006666666666666666,0,0,0,0.03333333333333333,0.25641,0.0,0.0
17-05-2021 13:57:28,0.03333333333333333,0.0,0.0,0.0,0.006666666666666666,0.0,0.006666666666666666,0.006666666666666666,0.006666666666666666,0.006666666666666666,0,0,0,0.03333333333333333,0.25641,0.0,0.0
17-05-2021 13:57:49,0.03333333333333333,0.0,0.0,0.0,0.006666666666666666,0.0,0.006666666666666666,0.006666666666666666,0.006666666666666666,0.006666666666666666,0,0,0,0.03333333333333333,0.25641,0.0,0.0
17-05-2021 13:58:11,0.03333333333333333,0.0,0.0,0.0,0.006666666666666666,0.0,0.006666666666666666,0.006666666666666666,0.006666666666666666,0.006666666666666666,0,0,0,0.03333333333333333,0.25641,0.0,0.0
17-05-2021 13:58:31,0.03333333333333333,0.0,0.0,0.0,0.006666666666666666,0.0,0.006666666666666666,0.006666666666666666,0.006666666666666666,0.006666666666666666,0,0,0,0.03333333333333333,0.25641,0.0,0.0
17-05-2021 13:58:56,1.1291666666666669,0.0,0.0,0.7999999999999999,0.008333333333333333,0.10166666666666667,0.10833333333333334,0.10833333333333334,0.10833333333333334,0.10833333333333334,0,0,0,1.3433333333333337,0.25641,0.0,0.0
17-05-2021 13:59:23,0.46916666666666657,0.0,0.5333333333333333,0.1,0.006666666666666666,0.0,0.006666666666666666,0.006666666666666666,0.006666666666666666,0.006666666666666666,0,0,0,0.6666666666666669,0.25641,0.0,0.0
17-05-2021 13:59:47,0.23333333333333328,0.0,0.1,0.1,0.006666666666666666,0.0,0.006666666666666666,0.006666666666666666,0.006666666666666666,0.006666666666666666,0,0,0,0.23333333333333328,0.25641,0.0,0.0
17-05-2021 14:00:11,1.2666666666666664,0.0,1.05,0.5166666666666666,0.006666666666666666,0.0,0.006666666666666666,0.006666666666666666,0.006666666666666666,0.006666666666666666,0,0,0,1.2666666666666664,0.25641,0.0,0.0
17-05-2021 14:00:38,0.3433333333333332,0.0,0.1,0.1,0.10833333333333334,0.0016666666666666666,0.008333333333333333,0.008333333333333333,0.008333333333333333,0.008333333333333333,0,0,0,0.3433333333333332,0.25641,0.0,0.0
17-05-2021 14:01:00,0.5666666666666669,0.0,0.1,0.1,0.006666666666666666,0.0,0.006666666666666666,0.006666666666666666,0.006666666666666666,0.006666666666666666,0,0,0,0.23333333333333328,0.25641,0.0,0.0
17-05-2021 14:01:24,1.1266666666666667,0.0,0.4666666666666667,0.5166666666666666,0.008333333333333333,0.10166666666666667,0.008333333333333333,0.008333333333333333,0.008333333333333333,0.008333333333333333,0,0,0,1.46,0.25641,0.0,0.0
17-05-2021 14:01:49,0.5933333333333335,0.0,0.35,0.1,0.008333333333333333,0.0016666666666666666,0.10833333333333334,0.008333333333333333,0.008333333333333333,0.008333333333333333,0,0,0,0.5933333333333335,0.25641,0.0,0.0
17-05-2021 14:02:13,0.13333333333333333,0.0,0.43333333333333335,0.0,0.006666666666666666,0.0,0.006666666666666666,0.006666666666666666,0.006666666666666666,0.006666666666666666,0,0,0,0.13333333333333333,0.25641,0.0,0.0
17-05-2021 14:02:37,0.81,0.0,0.4666666666666667,0.0,0.008333333333333333,0.0016666666666666666,0.008333333333333333,0.10833333333333334,0.10833333333333334,0.10833333333333334,0,0,0,0.81,0.25641,0.0,0.0
17-05-2021 14:03:02,0.7766666666666667,0.0,0.1,0.0,0.008333333333333333,0.0016666666666666666,0.008333333333333333,0.10833333333333334,0.10833333333333334,0.10833333333333334,0,0,0,0.44333333333333336,0.25641,0.0,0.0
17-05-2021 14:03:27,0.38333333333333325,0.0,0.35,0.0,0.006666666666666666,0.0,0.006666666666666666,0.006666666666666666,0.006666666666666666,0.006666666666666666,0,0,0,0.7166666666666668,0.25641,0.0,0.0
17-05-2021 14:03:55,0.44333333333333336,0.0,0.1,0.0,0.008333333333333333,0.0016666666666666666,0.008333333333333333,0.10833333333333334,0.10833333333333334,0.10833333333333334,0,0,0,0.44333333333333336,0.25641,0.0,0.0
17-05-2021 14:04:21,0.03333333333333333,0.0,0.0,0.0,0.006666666666666666,0.0,0.006666666666666666,0.006666666666666666,0.006666666666666666,0.006666666666666666,0,0,0,0.03333333333333333,0.25641,0.0,0.0
17-05-2021 14:04:47,0.03333333333333333,0.0,0.0,0.0,0.006666666666666666,0.0,0.006666666666666666,0.006666666666666666,0.006666666666666666,0.006666666666666666,0,0,0,0.03333333333333333,0.25641,0.0,0.0
17-05-2021 14:05:14,0.03333333333333333,0.0,0.0,0.0,0.006666666666666666,0.0,0.006666666666666666,0.006666666666666666,0.006666666666666666,0.006666666666666666,0,0,0,0.03333333333333333,0.25641,0.0,0.0
17-05-2021 14:05:42,0.03333333333333333,0.0,0.0,0.0,0.006666666666666666,0.0,0.006666666666666666,0.006666666666666666,0.006666666666666666,0.006666666666666666,0,0,0,0.03333333333333333,0.25641,0.0,0.0
17-05-2021 14:06:18,0.03333333333333333,0.0,0.0,0.0,0.006666666666666666,0.0,0.006666666666666666,0.006666666666666666,0.006666666666666666,0.006666666666666666,0,0,0,0.03333333333333333,0.25641,0.0,0.0
17-05-2021 14:06:53,0.03333333333333333,0.0,0.0,0.0,0.006666666666666666,0.0,0.006666666666666666,0.006666666666666666,0.006666666666666666,0.006666666666666666,0,0,0,0.03333333333333333,0.25641,0.0,0.0
17-05-2021 14:07:23,0.03333333333333333,0.0,0.0,0.0,0.006666666666666666,0.0,0.006666666666666666,0.006666666666666666,0.006666666666666666,0.006666666666666666,0,0,0,0.03333333333333333,0.25641,0.0,0.0
17-05-2021 14:07:49,0.03333333333333333,0.0,0.0,0.0,0.006666666666666666,0.0,0.006666666666666666,0.006666666666666666,0.006666666666666666,0.006666666666666666,0,0,0,0.03333333333333333,0.25641,0.0,0.0
17-05-2021 14:08:17,0.03333333333333333,0.0,0.0,0.0,0.006666666666666666,0.0,0.006666666666666666,0.006666666666666666,0.006666666666666666,0.006666666666666666,0,0,0,0.03333333333333333,0.25641,0.0,0.0
17-05-2021 14:08:44,0.03333333333333333,0.0,0.0,0.0,0.006666666666666666,0.0,0.006666666666666666,0.006666666666666666,0.006666666666666666,0.006666666666666666,0,0,0,0.03333333333333333,0.25641,0.0,0.0
17-05-2021 14:09:12,0.03333333333333333,0.0,0.0,0.0,0.006666666666666666,0.0,0.006666666666666666,0.006666666666666666,0.006666666666666666,0.006666666666666666,0,0,0,0.03333333333333333,0.25641,0.0,0.0
17-05-2021 14:09:37,0.03333333333333333,0.0,0.0,0.0,0.006666666666666666,0.0,0.006666666666666666,0.006666666666666666,0.006666666666666666,0.006666666666666666,0,0,0,0.03333333333333333,0.25641,0.0,0.0
17-05-2021 14:10:04,0.03333333333333333,0.0,0.0,0.0,0.006666666666666666,0.0,0.006666666666666666,0.006666666666666666,0.006666666666666666,0.006666666666666666,0,0,0,0.03333333333333333,0.25641,0.0,0.0
17-05-2021 14:10:31,0.03333333333333333,0.0,0.0,0.0,0.006666666666666666,0.0,0.006666666666666666,0.006666666666666666,0.006666666666666666,0.006666666666666666,0,0,0,0.03333333333333333,0.25641,0.0,0.0
17-05-2021 14:10:59,0.7358333333333335,0.0,0.8999999999999999,0.0,0.006666666666666666,0.0,0.006666666666666666,0.006666666666666666,0.006666666666666666,0.006666666666666666,0,0,0,0.9333333333333335,0.25641,0.0,0.0
17-05-2021 14:11:25,0.34333333333333327,0.0,0.1,0.0,0.10833333333333334,0.10166666666666667,0.008333333333333333,0.008333333333333333,0.008333333333333333,0.008333333333333333,0,0,0,0.34333333333333327,0.25641,0.0,0.0
17-05-2021 14:11:48,0.13333333333333333,0.0,0.43333333333333335,0.0,0.006666666666666666,0.0,0.006666666666666666,0.006666666666666666,0.006666666666666666,0.006666666666666666,0,0,0,0.13333333333333333,0.25641,0.0,0.0
17-05-2021 14:12:15,1.1600000000000004,0.0,0.7166666666666667,0.0,0.008333333333333333,0.0016666666666666666,0.10833333333333334,0.10833333333333334,0.10833333333333334,0.10833333333333334,0,0,0,1.1600000000000004,0.25641,0.0,0.0
17-05-2021 14:12:40,0.4666666666666666,0.0,0.1,0.0,0.006666666666666666,0.0,0.006666666666666666,0.006666666666666666,0.006666666666666666,0.006666666666666666,0,0,0,0.13333333333333333,0.25641,0.0,0.0
17-05-2021 14:13:04,0.13333333333333333,0.0,0.1,0.0,0.006666666666666666,0.0,0.006666666666666666,0.006666666666666666,0.006666666666666666,0.006666666666666666,0,0,0,0.4666666666666666,0.25641,0.0,0.0
